AAA43187,8.48,22.18,30.66,
AAP23238,12.03,26.31,38.34,
AAT08000,12.36,22.3,34.66,
AAX11455,11.71,22.32,34.03,
AAX11465,9.65,22.32,31.98,
AAX11475,11.71,22.32,34.03,
AAX11485,11.71,22.32,34.03,
AAX11495,12.24,21.99,34.23,
AAX11505,9.65,22.32,31.98,
AAX11515,11.55,22.32,33.87,
AAX11525,11.71,22.32,34.03,
AAX11535,11.71,22.32,34.03,
AAX11545,11.71,22.32,34.03,
AAX11555,9.65,22.32,31.98,
AAX11565,11.71,22.32,34.03,
AAX11575,9.65,22.32,31.98,
AAX11585,10.87,21.99,32.85,
AAX11595,11.72,22.55,34.27,
AAX11605,11.71,22.32,34.03,
AAX11615,11.71,22.32,34.03,
AAX11625,11.38,26.09,37.47,
AAX11635,12.19,26.09,38.28,
AAX12731,11.71,22.32,34.03,
AAX12741,11.71,22.32,34.03,
AAX12751,11.71,22.32,34.03,
AAX12761,12.19,26.09,38.28,
AAX12771,12.17,26.09,38.26,
AAX12781,11.39,26.09,37.49,
AAX12791,11.08,26.09,37.17,
AAX12801,11.88,26.09,37.97,
AAX12811,12.17,26.09,38.26,
AAX34061,11.4,22.32,33.73,
AAX35821,12.24,21.99,34.23,
AAX35831,9.65,22.32,31.98,
AAX35841,12.19,26.09,38.28,
AAX35851,12.19,26.09,38.28,
AAX35861,11.38,26.09,37.47,
AAX35871,11.72,27.82,39.54,
AAX38237,12.17,26.09,38.26,
AAX47515,12.17,26.09,38.26,
AAX47525,12.62,26.15,38.77,
AAX47535,12.17,26.09,38.26,
AAX56380,9.65,22.32,31.98,
AAX56390,9.65,22.32,31.98,
AAX56400,10.16,22.29,32.45,
AAX56410,9.65,22.32,31.98,
AAX56420,11.71,22.32,34.03,
AAX56430,9.65,22.32,31.98,
AAX56440,11.42,25.75,37.17,
AAX56450,12.17,26.09,38.26,
AAX56460,12.52,26.09,38.61,
AAX56470,12.18,26.09,38.27,
AAX56480,12.19,26.09,38.28,
AAX56490,11.38,26.09,37.47,
AAX56500,11.39,26.09,37.49,
AAX56510,12.08,26.09,38.17,
AAX56520,12.17,26.09,38.26,
AAX56540,13.37,26.25,39.62,
AAX56550,13.37,26.25,39.62,
AAX56560,11.71,22.32,34.03,
AAX56570,11.28,26.09,37.37,
AAX56580,11.38,26.09,37.47,
AAX56590,12.27,26.28,38.55,
AAX56600,11.71,22.32,34.03,
AAX57644,11.7,22.32,34.03,
AAX57654,9.65,22.32,31.98,
AAX57664,12.17,26.09,38.26,
AAX57674,12.21,25.75,37.97,
AAX57684,11.38,26.09,37.47,
AAX57694,12.19,26.09,38.28,
AAX57704,11.71,22.32,34.03,
AAX57714,12.19,26.09,38.28,
AAX57733,11.38,26.09,37.47,
AAX57734,11.69,26.09,37.78,
AAX57744,13.37,26.25,39.62,
AAX57754,13.37,26.25,39.62,
AAX57764,13.37,26.25,39.62,
AAX57774,13.37,26.25,39.62,
AAX57784,12.17,26.09,38.26,
AAX57794,13.97,26.25,40.23,
AAX57804,13.37,26.25,39.62,
AAX57814,13.37,26.25,39.62,
AAX57824,13.37,26.25,39.62,
AAX57834,13.37,26.25,39.62,
AAX57844,13.37,26.25,39.62,
AAX57854,13.28,26.25,39.53,
AAX57864,13.37,26.25,39.62,
AAX57874,13.37,26.25,39.62,
AAX57884,13.37,26.25,39.62,
AAX57894,13.37,26.25,39.62,
AAX57904,13.21,26.28,39.49,
AAX57914,12.53,26.25,38.78,
AAX57924,13.73,27.58,41.31,
AAX57934,13.37,26.25,39.62,
AAX57944,11.62,26.09,37.71,
AAX76623,11.72,22.55,34.27,
AAX76643,9.65,22.32,31.98,
AAX76653,8.89,22.32,31.22,
AAX76663,11.39,26.09,37.49,
AAX76673,13.37,26.25,39.62,
AAX76683,13.31,26.25,39.56,
AAX76693,12.48,26.25,38.73,
AAX76703,11.48,26.25,37.74,
AAX76713,13.37,26.25,39.62,
AAX76723,11.92,26.25,38.18,
AAX76733,11.91,23.6,35.51,
AAX76743,12.66,23.6,36.26,
AAX76753,11.39,22.32,33.72,
AAX76763,11.72,22.55,34.27,
AAY18086,11.71,22.32,34.03,
AAY18096,9.65,22.32,31.98,
AAY18106,12.17,26.09,38.26,
AAY18116,12.17,26.09,38.26,
AAY18126,12.24,21.99,34.23,
AAY18136,11.71,22.32,34.03,
AAY18146,11.78,21.9,33.68,
AAY18156,13.37,26.25,39.62,
AAY18166,13.15,26.28,39.43,
AAY18176,13.37,26.25,39.62,
AAY18186,13.37,26.25,39.62,
AAY18196,12.14,22.32,34.47,
AAY18564,11.71,22.32,34.03,
AAY18585,12.19,26.09,38.28,
AAY18611,11.71,22.32,34.03,
AAY27843,11.71,22.32,34.03,
AAY27853,11.71,22.32,34.03,
AAY27863,11.18,22.32,33.51,
AAY27959,12.19,26.09,38.28,
AAY27994,9.65,22.32,31.98,
AAY28004,9.65,22.32,31.98,
AAY28014,11.87,26.09,37.97,
AAY28265,9.65,22.32,31.98,
AAY28275,13.15,26.28,39.43,
AAY28285,12.21,25.75,37.97,
AAY28295,11.55,22.32,33.87,
AAY28305,11.38,26.09,37.47,
AAY28315,11.38,26.09,37.47,
AAY28325,11.39,26.09,37.48,
AAY28335,12.17,26.09,38.26,
AAY28345,11.71,22.32,34.03,
AAY28355,13.37,26.25,39.62,
AAY28363,13.36,26.25,39.61,
AAY28375,13.37,26.25,39.62,
AAY28385,11.71,22.32,34.03,
AAY28395,11.67,22.51,34.18,
AAY28405,12.19,26.09,38.28,
AAY28486,11.71,22.32,34.03,
AAY28521,11.71,22.32,34.03,
AAY28531,9.65,22.32,31.98,
AAY28541,11.71,22.32,34.03,
AAY28551,12.58,26.25,38.83,
AAY28561,11.71,22.32,34.03,
AAY28571,11.7,22.33,34.02,
AAY28581,12.17,26.09,38.26,
AAY28591,12.9,26.25,39.16,
AAY28608,13.37,26.25,39.62,
AAY28618,12.19,22.77,34.96,
AAY28628,10.32,26.09,36.41,
AAY28638,12.17,26.09,38.26,
AAY28648,11.38,26.09,37.47,
AAY44610,11.71,22.32,34.03,
AAY44620,12.19,26.09,38.28,
AAY44621,11.38,26.09,37.47,
AAY44631,12.17,26.09,38.26,
AAY44641,12.19,26.09,38.28,
AAY44651,12.59,26.25,38.84,
AAY44661,12.07,26.09,38.17,
AAY44755,12.31,26.28,38.59,
AAY44765,12.21,22.32,34.53,
AAY44775,12.89,26.25,39.14,
AAY44785,13.37,26.25,39.62,
AAY44795,13.37,26.25,39.62,
AAY44796,11.71,22.32,34.03,
AAY44896,12.17,26.09,38.26,
AAY44906,11.71,22.32,34.03,
AAY46371,14.02,27.79,41.81,
AAY46381,11.71,22.32,34.03,
AAY46391,12.53,26.25,38.78,
AAY46416,13.17,26.28,39.46,
AAY46426,13.97,26.28,40.25,
AAY46436,13.83,27.58,41.41,
AAY47013,11.39,26.09,37.49,
AAY47023,12.51,26.09,38.6,
AAY47052,12.53,26.25,38.78,
AAY47075,12.65,23.6,36.26,
AAY47085,12.14,22.32,34.47,
AAY58320,11.72,22.55,34.27,
AAY59035,13.37,26.25,39.62,
AAY64192,13.55,26.25,39.8,
AAY64202,9.65,22.32,31.98,
AAY64212,13.36,26.25,39.62,
AAY64222,12.07,26.09,38.17,
AAY64232,13.21,26.28,39.49,
AAY64242,13.21,26.28,39.49,
AAY64252,12.78,26.25,39.04,
AAY64262,13.21,26.28,39.49,
AAY64272,12.21,22.32,34.53,
AAY64282,13.21,26.28,39.49,
AAY64292,11.9,23.6,35.5,
AAY64302,13.83,27.58,41.41,
AAY64312,12.07,26.09,38.17,
AAY64322,13.21,26.28,39.49,
AAY64332,11.7,22.33,34.02,
AAY64342,13.21,26.28,39.49,
AAY64352,11.71,22.32,34.03,
AAY64362,11.41,22.55,33.97,
AAY64372,13.7,26.25,39.95,
AAY64382,13.21,26.28,39.49,
AAY64392,12.24,21.99,34.23,
AAY64402,13.83,27.58,41.41,
AAY98037,13.21,26.28,39.49,
AAY98047,13.21,26.28,39.49,
AAY98057,12.17,26.09,38.26,
AAY98067,11.39,26.09,37.49,
AAY98077,12.18,26.09,38.27,
AAY98087,13.55,26.25,39.8,
AAY98097,13.21,26.28,39.49,
AAY98107,13.21,26.28,39.49,
AAY98117,12.42,25.12,37.54,
AAY98127,13.57,26.28,39.86,
AAY98137,13.81,27.69,41.5,
AAY98147,13.21,26.28,39.49,
AAY98157,13.21,26.28,39.49,
AAY98167,12.86,26.28,39.14,
AAY98177,13.21,26.28,39.49,
AAY98187,11.71,22.32,34.03,
AAY98195,13.21,26.28,39.49,
AAY98207,13.21,26.28,39.49,
AAY98217,13.83,27.58,41.41,
AAY98227,13.21,26.28,39.49,
AAY98237,13.21,26.28,39.49,
AAY98247,13.21,26.28,39.49,
AAY98319,13.21,26.28,39.49,
AAY98329,13.17,26.28,39.46,
AAY98339,13.21,26.28,39.49,
AAY98353,13.21,26.28,39.49,
AAY98366,13.78,27.79,41.57,
AAY98376,13.23,26.25,39.48,
AAY98386,13.7,26.25,39.95,
AAY98396,13.21,26.28,39.49,
AAY98406,13.21,26.28,39.49,
AAY98770,12.31,26.28,38.6,
AAZ38462,13.14,27.79,40.92,
AAZ38473,13.96,27.58,41.53,
AAZ38484,13.21,26.28,39.49,
AAZ38495,13.12,26.28,39.4,
AAZ38506,9.87,24.57,34.44,
AAZ38517,9.87,24.57,34.44,
AAZ38528,10.45,24.14,34.6,
AAZ38539,12.1,26.09,38.19,
AAZ38550,9.87,24.57,34.44,
AAZ38561,13.21,26.28,39.49,
AAZ38572,9.85,24.04,33.89,
AAZ38583,10.62,24.94,35.56,
AAZ38594,10.03,24,34.04,
AAZ38605,9.85,24.04,33.89,
AAZ38616,9.85,24.04,33.89,
AAZ38638,9.87,24.57,34.44,
AAZ38650,9.87,24.57,34.44,
AAZ43370,12.16,23.32,35.49,
AAZ43383,7.43,20.32,27.75,
AAZ43394,11.71,22.32,34.03,
AAZ43405,13.21,26.28,39.5,
AAZ74352,12.17,26.09,38.26,
AAZ74363,13.55,26.25,39.8,
AAZ74386,12.37,26.28,38.65,
AAZ74397,13.25,27.79,41.03,
AAZ74408,13.21,26.28,39.49,
AAZ74419,9.87,24.57,34.44,
AAZ74430,13.21,26.28,39.49,
AAZ74441,9.87,24.57,34.44,
AAZ74452,9.87,24.57,34.44,
AAZ74463,9.87,24.57,34.44,
AAZ74474,9.82,24.23,34.05,
AAZ74485,9.87,24.57,34.44,
AAZ74496,9.87,24.57,34.44,
AAZ74507,9.87,24.57,34.44,
AAZ74518,9.87,24.57,34.44,
AAZ74529,9.87,24.57,34.44,
AAZ74540,10.62,24.94,35.56,
AAZ74551,9.87,24.57,34.44,
AAZ74562,13.21,26.28,39.49,
AAZ74573,10.63,24.94,35.57,
AAZ74584,13.23,26.28,39.52,
AAZ74595,9.87,24.57,34.44,
AAZ74606,12.27,30.01,42.27,
AAZ74617,13.28,26.25,39.53,
AAZ79505,12.17,26.09,38.26,
AAZ79516,13.21,26.28,39.49,
AAZ79527,11.71,22.32,34.03,
AAZ79560,13.57,26.28,39.86,
AAZ79571,13.17,26.28,39.46,
AAZ79582,12.42,26.28,38.7,
AAZ79593,9.8,24.57,34.37,
AAZ79615,9.87,24.57,34.44,
AAZ79626,9.87,24.57,34.44,
AAZ79627,10.46,24,34.47,
AAZ79941,9.87,24.57,34.44,
AAZ79944,9.87,24.57,34.44,
AAZ79963,9.85,24.04,33.89,
AAZ79974,10.62,24.94,35.56,
AAZ79985,9.86,24.57,34.43,
AAZ79996,9.87,24.57,34.44,
AAZ80007,8.37,22.18,30.55,
AAZ80017,9.87,24.57,34.44,
AAZ80030,9.86,24.57,34.43,
AAZ83242,11.99,25.82,37.82,
AAZ83266,13.17,26.28,39.46,
AAZ83277,13.21,26.28,39.49,
AAZ83288,13.37,26.25,39.62,
AAZ83312,13.23,26.25,39.48,
AAZ83323,13.83,27.69,41.52,
AAZ83371,10.62,24.94,35.56,
AAZ83382,9.87,24.57,34.44,
AAZ83649,10.13,24.57,34.7,
AAZ83688,9.87,24.57,34.44,
ABA12740,9.86,24.57,34.43,
ABA12751,9.87,24.57,34.44,
ABA12762,9.87,24.57,34.44,
ABA12773,7.43,20.32,27.75,
ABA12780,9.92,24.94,34.86,
ABA16214,12.39,23.33,35.71,
ABA18026,9.87,24.57,34.44,
ABA18048,9.87,24.57,34.44,
ABA18123,12.32,26.09,38.41,
ABA18134,9.87,24.57,34.44,
ABA18156,9.87,24.57,34.44,
ABA42269,9.87,24.57,34.44,
ABA42291,10.13,24.57,34.7,
ABA42302,12.19,26.09,38.28,
ABA42313,11.39,26.09,37.49,
ABA42335,12.13,26.09,38.22,
ABA42346,12.19,26.09,38.28,
ABA42357,11.39,26.09,37.49,
ABA42368,11.44,26.09,37.53,
ABA42379,12.09,26.09,38.18,
ABA42390,11.38,26.09,37.47,
ABA42401,11.91,26.09,38,
ABA42412,12.09,26.09,38.19,
ABA42443,12.17,26.09,38.26,
ABA42454,12.19,26.09,38.28,
ABA42465,12.13,26.09,38.22,
ABA42476,12.19,26.09,38.28,
ABA42487,12.41,26.09,38.5,
ABA42498,11.33,26.09,37.42,
ABA42509,13.37,26.25,39.62,
ABA42520,12.34,26.25,38.6,
ABA42531,13.35,26.25,39.61,
ABA42542,13.37,26.25,39.62,
ABA42553,14.21,26.25,40.46,
ABA42564,13.37,26.25,39.62,
ABA42928,13.28,26.25,39.53,
ABA42939,13.37,26.25,39.62,
ABA42978,13.37,26.25,39.62,
ABA42989,11.28,26.09,37.37,
ABA43167,9.87,24.57,34.44,
ABA43178,9.87,24.57,34.44,
ABA43200,9.87,24.57,34.44,
ABA43336,11.8,25.59,37.39,
ABA87242,9.87,24.57,34.44,
ABA87253,9.87,24.57,34.44,
ABB02836,10.12,24.57,34.69,
ABB02847,9.88,24.57,34.45,
ABB02858,12.17,26.09,38.26,
ABB02869,13.37,26.25,39.62,
ABB02880,13.37,26.25,39.62,
ABB02891,11.93,26.25,38.18,
ABB02902,13.37,26.25,39.62,
ABB02947,13.81,27.69,41.5,
ABB02958,13.21,26.28,39.49,
ABB02969,13.21,26.28,39.49,
ABB02980,12.37,26.28,38.65,
ABB02991,12.37,26.28,38.65,
ABB03002,12.72,26.28,39.01,
ABB03013,12.99,27.79,40.78,
ABB03024,13.21,26.28,39.49,
ABB03035,13.79,27.79,41.57,
ABB03046,12.31,26.28,38.6,
ABB03057,9.86,24.57,34.43,
ABB03068,9.86,24.57,34.43,
ABB03079,9.87,24.57,34.44,
ABB03090,9.87,24.57,34.44,
ABB03112,12.21,22.32,34.53,
ABB04983,11.89,26.09,37.98,
ABB04994,12.53,26.25,38.78,
ABB05005,12.69,26.25,38.94,
ABB05183,13.36,26.25,39.62,
ABB05194,13.15,26.28,39.44,
ABB05205,12.9,26.09,38.99,
ABB05216,13.37,26.25,39.62,
ABB46414,13.55,26.25,39.8,
ABB46425,13.91,27.58,41.49,
ABB46436,9.87,24.57,34.44,
ABB46447,9.87,24.57,34.44,
ABB46458,10.12,24.57,34.69,
ABB52376,8.36,22.18,30.54,
ABB53614,9.87,24.57,34.44,
ABB53625,9.87,24.57,34.44,
ABB53652,10.62,24.94,35.56,
ABB53663,10.45,24.14,34.6,
ABB53674,9.85,20.72,30.57,
ABB53685,9.87,24.57,34.44,
ABB53696,13.21,26.28,39.49,
ABB53718,9.87,24.57,34.44,
ABB54514,8.9,22.18,31.08,
ABB59996,13.85,27.69,41.54,
ABB60007,13.56,27.69,41.25,
ABB77853,13.54,27.69,41.23,
ABB77864,13.85,27.69,41.55,
ABB79716,13.85,27.69,41.54,
ABB79731,9.86,24.57,34.43,
ABB80001,9.87,24.57,34.44,
ABB80012,9.87,24.57,34.44,
ABB80081,13.85,27.69,41.54,
ABB80092,13.85,27.69,41.55,
ABB80137,9.87,24.57,34.44,
ABB80148,13.85,27.69,41.54,
ABB80159,13.85,27.69,41.54,
ABB80185,12.23,27.49,39.72,
ABB80196,13.85,27.69,41.54,
ABB80207,13.31,27.69,41,
ABB80218,13.83,27.69,41.52,
ABB80229,13.85,27.69,41.54,
ABB80240,13.85,27.69,41.54,
ABB80251,13.55,26.25,39.8,
ABB80492,13.85,27.69,41.54,
ABB80503,13.85,27.69,41.54,
ABB80514,13.85,27.69,41.54,
ABB80529,13.85,27.69,41.54,
ABB80641,13.83,27.69,41.52,
ABB80661,13.86,27.69,41.55,
ABB80672,12.23,27.49,39.72,
ABB80682,13.85,27.69,41.54,
ABB80693,13.85,27.69,41.54,
ABB80704,13.85,27.69,41.54,
ABB80715,13.85,27.69,41.54,
ABB80724,13.86,27.69,41.55,
ABB80737,13.85,27.69,41.54,
ABB80748,13.5,27.69,41.19,
ABB82183,13.13,26.28,39.42,
ABB96319,9,22.88,31.87,
ABB96330,8.99,22.88,31.86,
ABB96341,9.01,22.87,31.88,
ABB96352,8.68,22.12,30.8,
ABB96363,9.61,21.74,31.36,
ABB96374,8.97,22.88,31.84,
ABB96395,8.97,22.88,31.84,
ABB96509,12.98,24.45,37.43,
ABB96531,13.85,27.69,41.54,
ABC02234,13.51,27.69,41.2,
ABC02255,8.68,22.12,30.8,
ABC02266,9.61,21.74,31.36,
ABC02288,13.85,27.69,41.54,
ABC02299,13.85,27.69,41.54,
ABC02310,8.97,22.88,31.84,
ABC02321,8.68,22.12,30.8,
ABC02332,7.43,20.32,27.75,
ABC40544,7.41,21.98,29.38,
ABC40555,8.53,22.5,31.02,
ABC40608,13.55,26.25,39.8,
ABC40642,12.21,22.32,34.53,
ABC46554,8.09,22.79,30.88,
ABC46565,8.53,22.5,31.02,
ABC46576,8.53,22.5,31.02,
ABC50167,13.85,27.69,41.54,
ABC50178,13.85,27.69,41.54,
ABC50189,13.85,27.69,41.54,
ABC54668,12.42,26.28,38.7,
ABC54679,9.8,24.57,34.37,
ABC67576,13.25,27.69,40.94,
ABC67839,8.97,22.88,31.84,
ABC67861,8.97,22.88,31.84,
ABC84400,9.87,24.57,34.44,
ABC84411,13.85,27.69,41.54,
ABC84531,9.84,22.49,32.33,
ABC84542,7.43,20.32,27.75,
ABC86137,8.53,22.5,31.02,
ABC97374,7.43,20.32,27.75,
ABD15449,11.71,22.32,34.03,
ABD15460,11.39,22.32,33.72,
ABD15471,11.71,22.32,34.03,
ABD15482,11.71,22.32,34.03,
ABD15493,11.39,22.32,33.72,
ABD15504,11.81,18.79,30.6,
ABD15526,9.87,24.57,34.44,
ABD15537,13.85,27.69,41.54,
ABD15548,13.85,27.69,41.54,
ABD15559,13.85,27.69,41.54,
ABD15570,13.85,27.69,41.54,
ABD15581,13.85,27.69,41.54,
ABD15592,13.85,27.69,41.54,
ABD15603,13.85,27.69,41.54,
ABD15614,13.85,27.69,41.54,
ABD15625,10.84,22.32,33.16,
ABD15636,13.85,27.69,41.54,
ABD16571,11.02,26.41,37.43,
ABD16582,11.16,22.91,34.07,
ABD16593,10.71,23.58,34.3,
ABD16718,9.9,23.96,33.85,
ABD16729,9.7,24.06,33.76,
ABD16740,7.41,21.98,29.38,
ABD16751,7.66,21.98,29.64,
ABD16762,8.53,22.5,31.02,
ABD17323,7.43,20.32,27.75,
ABD17334,10.12,22.49,32.61,
ABD60922,11.71,22.32,34.03,
ABD61260,11.71,22.32,34.03,
ABD61271,11.71,22.32,34.03,
ABD61282,9.86,24.57,34.43,
ABD61529,9.81,22.49,32.3,
ABD61757,7.41,21.98,29.38,
ABD61777,9.83,22.49,32.32,
ABD77686,13.37,27.34,40.71,
ABD77697,14.39,27.72,42.1,
ABD77829,12.84,27.34,40.18,
ABD77840,14.37,27.72,42.08,
ABD77851,12.23,27.49,39.72,
ABD77862,11.73,26.82,38.55,
ABD77873,14.07,27.72,41.78,
ABD77884,14.07,27.72,41.78,
ABD77895,14.08,27.56,41.65,
ABD77906,14.07,27.72,41.78,
ABD78115,11.88,27.49,39.37,
ABD78126,11.04,27.49,38.53,
ABD79123,12.23,27.49,39.72,
ABD79134,13,27.49,40.49,
ABD79145,12.23,27.49,39.72,
ABD79156,12.23,27.49,39.72,
ABD79167,12.23,27.49,39.72,
ABD79178,12.23,27.49,39.72,
ABD79189,12.23,27.49,39.72,
ABD79200,12.23,27.49,39.72,
ABD79211,12.23,27.49,39.72,
ABD79222,12.23,27.49,39.72,
ABD79233,12.23,27.49,39.72,
ABD79244,12.19,27.49,39.68,
ABD94822,13.19,27.69,40.88,
ABD94833,11.88,27.49,39.37,
ABD94844,13.53,27.72,41.24,
ABD94855,13.34,27.34,40.67,
ABD94866,13.39,27.34,40.72,
ABD94877,14.07,27.72,41.78,
ABD94888,12.45,27.49,39.94,
ABD94899,12.23,27.49,39.72,
ABD94910,14.37,27.72,42.08,
ABD94921,13.37,27.34,40.71,
ABD94932,12.23,27.49,39.72,
ABE11911,12.62,27.49,40.11,
ABE12645,14.37,27.72,42.08,
ABE13076,12.23,27.49,39.72,
ABE13323,14.07,27.72,41.78,
ABE13471,14.36,27.72,42.08,
ABE13555,14.08,27.72,41.79,
ABE13595,11.37,30.01,41.37,
ABE13606,12.62,27.49,40.11,
ABE13617,11.36,30.01,41.37,
ABE13628,11.36,30.01,41.37,
ABE13639,11.85,30.01,41.85,
ABE13652,11.36,30.01,41.37,
ABE13824,11.36,30.01,41.37,
ABE14019,11.36,30.01,41.37,
ABE14030,11.37,30.01,41.37,
ABE14041,11.36,30.01,41.37,
ABE14052,11.72,30.01,41.73,
ABE14063,11.36,30.01,41.37,
ABE14124,12.62,27.49,40.11,
ABE14464,11.36,30.01,41.37,
ABE14840,11.37,30.01,41.38,
ABE15578,11.36,30.01,41.37,
ABE73114,9.84,24.98,34.83,
ABF17954,7.6,26.04,33.63,
ABF21273,12.3,25.55,37.85,
ABF47550,10.71,23.58,34.3,
ABF47594,14.39,27.72,42.1,
ABF47616,11.36,30.01,41.37,
ABF47858,12.17,30.26,42.43,
ABF82695,12.23,27.49,39.72,
ABF82706,14.07,27.72,41.78,
ABG26758,14.07,27.72,41.78,
ABG26769,13.57,27.72,41.29,
ABG26802,10.12,22.49,32.61,
ABG26846,12.89,30.01,42.89,
ABG26857,11.89,30,41.9,
ABG26868,11.95,29.9,41.85,
ABG26879,11.95,29.9,41.85,
ABG26890,11.95,29.9,41.85,
ABG26901,11.84,30.55,42.39,
ABG26912,12.27,30.01,42.27,
ABG26923,12.17,30.26,42.43,
ABG26934,11.28,30.26,41.54,
ABG37131,13.39,27.18,40.57,
ABG37142,14.07,27.72,41.78,
ABG37153,11.37,30.01,41.38,
ABG37164,11.72,30.01,41.73,
ABG37175,11.25,30.01,41.26,
ABG37186,11.37,30.01,41.38,
ABG37197,13.81,29.97,43.78,
ABG37208,12.31,22.58,34.9,
ABG37219,11.27,26.41,37.69,
ABG37230,11.77,30.25,42.02,
ABG37241,11.95,29.9,41.85,
ABG37252,11.95,29.9,41.85,
ABG37263,12.27,30.01,42.27,
ABG37274,11.96,29.9,41.86,
ABG37285,11.89,30,41.9,
ABG37296,12.27,30.01,42.27,
ABG37307,11.95,29.9,41.85,
ABG37318,12.27,30.01,42.27,
ABG37329,11.95,29.9,41.85,
ABG37340,11.83,30.42,42.25,
ABG37351,11.67,30.26,41.93,
ABG47851,11.36,30.01,41.37,
ABG47862,12.93,27.49,40.42,
ABG47873,11.95,29.9,41.85,
ABG47895,12.27,30.01,42.27,
ABG47906,11.95,29.9,41.85,
ABG47917,12.17,30.26,42.43,
ABG47928,12.17,30.26,42.43,
ABG47939,11.86,30.26,42.11,
ABG47950,12.08,30.77,42.85,
ABG47961,11.52,30.85,42.37,
ABG47972,12.17,30.26,42.43,
ABG47983,12.17,30.26,42.43,
ABG47994,12.17,30.26,42.43,
ABG48005,12.17,30.26,42.43,
ABG48016,12.17,30.26,42.43,
ABG48027,12.17,30.26,42.43,
ABG48038,12.17,30.26,42.43,
ABG48280,12.16,30.33,42.49,
ABG48291,11.28,26.24,37.52,
ABG48302,12.16,30.33,42.49,
ABG48313,10.91,26.08,36.99,
ABG48324,12.52,29.09,41.61,
ABG48335,12.16,30.33,42.49,
ABG48346,12.16,30.33,42.49,
ABG48357,12.16,30.33,42.49,
ABG48368,12.16,30.33,42.49,
ABG67135,14.39,27.72,42.1,
ABG67146,14.07,27.72,41.78,
ABG67157,12.3,29.9,42.2,
ABG67168,11.95,29.9,41.85,
ABG67179,11.95,29.9,41.85,
ABG67190,11.95,29.9,41.85,
ABG67201,11.95,29.9,41.85,
ABG67212,12.14,30.26,42.4,
ABG67223,12.17,30.26,42.43,
ABG67234,11.48,30.26,41.73,
ABG67245,12.17,30.26,42.43,
ABG67667,11.37,30.01,41.38,
ABG79963,12.05,30.77,42.83,
ABG79974,11.95,29.9,41.85,
ABG79985,11.95,29.9,41.85,
ABG79996,11.83,30.42,42.25,
ABG80007,11.95,29.9,41.85,
ABG80018,11.95,29.9,41.85,
ABG80029,12.27,30.01,42.27,
ABG80040,12.27,30.01,42.27,
ABG80051,11.95,29.9,41.85,
ABG80062,12.27,30.01,42.27,
ABG80073,10.1,26.08,36.18,
ABG80084,11.28,30.26,41.54,
ABG80095,12.17,30.26,42.43,
ABG80106,12.17,30.26,42.43,
ABG80117,12.32,30.26,42.58,
ABG80128,12.36,30.26,42.62,
ABG80139,12.17,30.26,42.43,
ABG80150,11.76,30.26,42.01,
ABG80161,11.6,30.25,41.86,
ABG80348,11.78,30.33,42.11,
ABG80359,10.92,26.08,37,
ABG80370,14.61,30.25,44.86,
ABG80381,12.16,30.33,42.49,
ABG80392,12.16,30.33,42.49,
ABG80403,12.16,30.33,42.49,
ABG80414,12.16,30.33,42.49,
ABG80425,12.16,30.33,42.49,
ABG80436,10.66,23.46,34.13,
ABG88289,14.07,27.72,41.78,
ABG88355,11.35,29.9,41.25,
ABG88366,11.95,29.9,41.85,
ABG88377,11.95,29.9,41.85,
ABG88388,11.95,29.9,41.85,
ABG88399,12.26,30.01,42.27,
ABG88410,12.17,30.26,42.43,
ABG88421,12.17,30.26,42.43,
ABG88432,12.17,30.26,42.43,
ABG88443,12.17,30.26,42.43,
ABG88454,11.65,30.33,41.98,
ABG88465,12.17,30.26,42.43,
ABG88476,12.17,30.26,42.43,
ABG88487,12.17,30.26,42.43,
ABG88498,12.17,30.26,42.43,
ABG88509,12.17,30.26,42.43,
ABG88520,12.17,30.26,42.43,
ABG88531,13.58,29.07,42.65,
ABG88729,10.91,26.08,36.99,
ABG88740,12.16,30.33,42.49,
ABG88751,12.16,30.33,42.49,
ABG88762,10.91,26.08,36.99,
ABG88773,12.16,30.33,42.49,
ABG88784,12.16,30.33,42.49,
ABG88817,11.1,23.46,34.56,
ABI20881,12.27,30.01,42.27,
ABI20892,12.89,30.01,42.89,
ABI20903,12.48,29.9,42.38,
ABI20914,12.17,30.26,42.43,
ABI20925,12.17,30.26,42.43,
ABI20936,12.17,30.26,42.43,
ABI20947,12.17,30.26,42.43,
ABI20958,10.71,28.92,39.63,
ABI21244,12.95,30.33,43.28,
ABI21255,12.16,30.33,42.49,
ABI21266,12.16,30.33,42.49,
ABI21277,12.16,30.33,42.49,
ABI21288,12.16,30.33,42.49,
ABI21299,11.78,30.33,42.11,
ABI21310,12.16,30.33,42.49,
ABI21321,12.16,30.33,42.49,
ABI21332,11.59,30.33,41.91,
ABI21343,12.16,30.33,42.49,
ABI21354,12.16,30.33,42.49,
ABI21365,12.16,30.33,42.49,
ABI21376,11.66,30.85,42.51,
ABI21387,12.16,30.33,42.49,
ABI21398,12.16,30.33,42.49,
ABI21409,12.16,30.33,42.49,
ABI21420,10.79,26.6,37.38,
ABI21431,12.16,30.33,42.49,
ABI21442,12.16,30.33,42.49,
ABI21453,12.16,30.33,42.49,
ABI21464,12.16,30.33,42.49,
ABI21475,12.16,30.33,42.49,
ABI21486,12.16,30.33,42.49,
ABI21497,12.16,30.33,42.49,
ABI21508,10.52,27.25,37.78,
ABI22159,10.66,23.46,34.13,
ABI30389,12.17,30.26,42.43,
ABI30854,12.25,30.72,42.97,
ABI30865,12.16,30.33,42.49,
ABI30876,11.1,23.46,34.57,
ABI92291,14.37,27.72,42.08,
ABI92324,12.17,30.26,42.43,
ABI93039,10.12,22.49,32.61,
ABJ09140,12.05,30.77,42.83,
ABJ09217,12.16,30.33,42.49,
ABJ53482,11.1,23.46,34.57,
ABK40645,11.95,29.9,41.85,
ABK40656,11.83,30.42,42.25,
ABK40667,11.36,30.01,41.37,
ABK40678,12.17,30.26,42.43,
ABM22301,9.87,24.57,34.44,
ABM22312,9.87,24.57,34.44,
ABM22323,9.87,24.57,34.44,
ABM22334,9.87,24.57,34.44,
ABM22345,9.87,24.57,34.44,
ABM22356,9.87,24.57,34.44,
ABM22367,9.87,24.57,34.44,
ABM66919,9.87,24.57,34.44,
ABM66930,9.87,24.57,34.44,
ABM66941,9.87,24.57,34.44,
ABM66952,9.87,24.57,34.44,
ABM66963,9.87,24.57,34.44,
ABM66974,9.87,24.57,34.44,
ABM66985,9.87,24.57,34.44,
ABM66996,9.87,24.57,34.44,
ABM67007,9.87,24.57,34.44,
ABM67018,9.87,24.57,34.44,
ABM67029,9.56,23.52,33.08,
ABM67040,11.1,23.46,34.56,
ABN50984,9.87,24.57,34.44,
ABN50995,9.87,24.57,34.44,
ABN51010,11.36,23.46,34.82,
ABN51021,11.06,23.46,34.52,
ABN51032,11.05,23.39,34.44,
ABN51043,9.6,23.52,33.12,
ABN51054,11.1,23.46,34.57,
ABN51099,8.96,22.18,31.14,
ABN51110,8.9,22.18,31.08,
ABN51121,8.9,22.18,31.08,
ABN51132,8.9,22.18,31.08,
ABN59390,11.06,23.46,34.52,
ABO32827,9.87,24.57,34.44,
ABO32838,11.36,23.46,34.82,
ABO32849,11.36,23.46,34.82,
ABO32860,9.85,23.52,33.37,
ABO32871,11.06,23.46,34.52,
ABO32882,11.07,21.22,32.29,
ABO32893,11.1,23.46,34.56,
ABO32904,11.1,23.46,34.56,
ABO32915,11.1,23.46,34.57,
ABO32926,11.1,23.46,34.57,
ABO32937,10.99,23.46,34.45,
ABO33069,7.45,22.76,30.21,
ABO38230,8.65,22.88,31.52,
ABO38241,10.11,24.17,34.28,
ABO38274,11.31,23.39,34.69,
ABO38285,11.11,23.46,34.57,
ABO44068,8.96,22.18,31.14,
ABO44079,9.87,24.57,34.44,
ABO52313,8.68,22.12,30.8,
ABO52324,9.08,22.18,31.26,
ABO52335,7.52,24.91,32.43,
ABO52346,6.53,21.98,28.51,
ABO52357,8.77,22.18,30.95,
ABO52368,9.08,22.18,31.26,
ABP49184,9.26,22.18,31.44,
ABP49492,7.47,22.7,30.17,
ABP49503,8.9,22.18,31.08,
ABP49514,8.96,22.18,31.14,
ABQ01366,7.38,21.98,29.36,
ABQ44427,9.87,24.57,34.44,
ABR15797,8.96,22.18,31.14,
ABR28592,7.41,21.98,29.38,
ABR88080,11.1,23.46,34.56,
ABS49899,9.08,22.18,31.26,
ABS49910,9.08,22.18,31.26,
ABU50557,9.41,23.12,32.53,
ABU50560,8.51,23.81,32.32,
ABU50577,11.08,23.33,34.41,
ABU50582,10.36,23.12,33.48,
ABU50584,10.01,23.74,33.76,
ABV29623,9.6,23.74,33.34,
ABV29711,9.6,23.74,33.34,
ABV29722,10.01,23.74,33.76,
ABV29810,10.01,23.74,33.76,
ABV29821,10.01,23.74,33.76,
ABV29898,10.01,23.74,33.76,
ABV29909,9.25,24.57,33.82,
ABV29931,12.12,23.53,35.65,
ABV30063,10.01,23.74,33.76,
ABV30074,10.01,23.74,33.76,
ABV30118,10.01,23.74,33.76,
ABV30206,10.01,23.74,33.76,
ABV30217,10.01,23.74,33.76,
ABV30228,10.01,23.74,33.76,
ABV30239,10.25,23.74,33.99,
ABV30250,9.41,23.12,32.53,
ABV30261,10.1,21.94,32.03,
ABV30272,10.01,23.74,33.76,
ABV30382,10.09,21.94,32.03,
ABV30393,11.41,23.46,34.87,
ABV30404,10.81,23.75,34.56,
ABV30415,10.1,21.94,32.03,
ABV30426,10.01,23.74,33.76,
ABV30437,12.12,23.53,35.65,
ABV30448,10.01,23.74,33.76,
ABV30470,10.01,23.74,33.76,
ABV30481,10.09,21.94,32.03,
ABV30514,10.01,23.74,33.76,
ABV30635,10.76,23.74,34.5,
ABV30646,10.76,23.74,34.5,
ABV30657,10.01,23.74,33.76,
ABV45860,10.01,23.74,33.76,
ABV45904,10.09,21.94,32.03,
ABV45970,10.13,23.74,33.87,
ABV45981,10.01,23.74,33.76,
ABV45992,10.01,23.74,33.76,
ABV82562,10.01,23.74,33.76,
ABW23239,12.2,23.46,35.67,
ABW23240,9.41,23.12,32.53,
ABW23242,10.99,23.46,34.45,
ABW23244,10.2,23.75,33.95,
ABW23245,10.01,23.74,33.76,
ABW23248,8.51,23.81,32.32,
ABW23249,8.51,23.81,32.32,
ABW23251,10.76,23.63,34.39,
ABW23252,9.97,23.74,33.71,
ABW23253,10.32,23.74,34.06,
ABW23254,8.82,22.03,30.85,
ABW23255,10.34,24.97,35.31,
ABW23257,10.2,24.97,35.17,
ABW23258,10.1,21.94,32.03,
ABW23259,10.1,21.94,32.03,
ABW23261,9.93,23.92,33.85,
ABW23262,8.51,23.81,32.32,
ABW23263,10.09,21.94,32.03,
ABW23265,10.09,21.94,32.03,
ABW23266,10.1,21.94,32.03,
ABW23268,10.01,23.74,33.76,
ABW23269,9.13,23.74,32.87,
ABW23270,10.01,23.74,33.76,
ABW23271,10,20.61,30.62,
ABW23272,10.01,23.74,33.76,
ABW23330,10.09,21.94,32.02,
ABW23331,10.96,23.75,34.7,
ABW23332,8.53,22.52,31.06,
ABW23333,10.01,23.74,33.76,
ABW23334,9.38,23.74,33.12,
ABW23344,9.95,23.63,33.58,
ABW23345,10.81,23.75,34.56,
ABW23346,10.02,22.35,32.38,
ABW23347,9.96,23.63,33.59,
ABW23348,10.02,23.74,33.76,
ABW23349,11.08,23.33,34.41,
ABW23350,9.55,23.12,32.68,
ABW23351,10.01,23.74,33.76,
ABW23352,9.04,24.1,33.14,
ABW23354,10.01,23.74,33.76,
ABW23355,9.41,23.74,33.15,
ABW23356,10.55,24.19,34.74,
ABW23357,10.01,23.74,33.76,
ABW23358,10.04,23.2,33.24,
ABW23359,10.2,24.97,35.17,
ABW23360,10.01,23.74,33.76,
ABW23361,10.01,23.74,33.76,
ABW23362,8.35,23.81,32.16,
ABW23364,9.9,23.74,33.65,
ABW23365,8.51,23.81,32.32,
ABW23366,9.58,23.74,33.32,
ABW23367,7.91,23.18,31.09,
ABW36168,10.01,23.74,33.76,
ABW38363,11.1,23.46,34.56,
ABW39872,10.01,23.74,33.76,
ABW39938,10.01,23.74,33.76,
ABW40026,10.01,23.74,33.76,
ABW40081,10.01,23.74,33.76,
ABW40136,10.01,23.74,33.76,
ABW40169,10.32,23.74,34.06,
ABW40191,10.01,23.74,33.76,
ABW40246,9.97,23.74,33.72,
ABW40268,10.01,23.74,33.76,
ABW40323,10.01,23.74,33.76,
ABW40378,10.01,23.74,33.76,
ABW40587,10.01,23.74,33.76,
ABW40631,10.01,23.74,33.76,
ABW40653,10.01,23.74,33.76,
ABW71349,10.01,23.74,33.76,
ABW80975,10.48,24.94,35.42,
ABW80976,11.15,25.36,36.51,
ABW80978,10.71,23.06,33.77,
ABW86563,10.01,23.74,33.76,
ABW91196,10.32,23.74,34.06,
ABW91207,10.32,23.74,34.06,
ABW91229,10.81,23.75,34.56,
ABW91240,10.01,23.74,33.76,
ABW91251,10.01,23.74,33.76,
ABW91262,10.01,23.74,33.76,
ABW91394,10.01,23.74,33.76,
ABW91438,10.01,23.74,33.76,
ABW91548,10.01,23.74,33.76,
ABW91647,10.01,23.74,33.76,
ABX10525,12.22,22.32,34.54,
ABY51028,10.01,23.74,33.76,
ABY51127,10.01,23.74,33.76,
ABY51226,9.41,23.74,33.15,
ABY51270,10.01,23.74,33.76,
ABY70956,6.08,26.04,32.12,
ABY81371,10.01,23.74,33.76,
ACA24502,10.01,23.74,33.76,
ACA24689,10.09,21.94,32.03,
ACA24700,9.63,21.94,31.57,
ACA33674,8.46,23.46,31.92,
ACA33679,11.31,23.46,34.78,
ACA33680,10.05,27.48,37.53,
ACA33681,10.25,23.52,33.77,
ACA33682,10.05,21.2,31.25,
ACA33683,10.69,23.26,33.95,
ACA33684,10.09,21.94,32.02,
ACA33685,10.09,21.94,32.03,
ACA33686,10.01,23.74,33.76,
ACA33687,10.01,23.74,33.76,
ACA33688,10.01,23.74,33.76,
ACA33689,10.2,24.97,35.17,
ACA33690,9.12,23.74,32.86,
ACA33691,9.6,23.74,33.35,
ACA33692,9.41,23.74,33.15,
ACA33693,10.01,23.74,33.76,
ACA33694,9.86,23.12,32.98,
ACA33695,10.71,27.48,38.19,
ACA33696,11.2,21.94,33.13,
ACA33697,8.15,23.81,31.95,
ACA33698,8.51,23.81,32.32,
ACA33699,12.96,24.18,37.13,
ACA33700,10.01,23.74,33.76,
ACA33705,10.81,23.75,34.56,
ACA33706,9.41,23.74,33.15,
ACA33707,9.12,23.74,32.87,
ACA33708,10.82,23.75,34.56,
ACA33709,9.41,23.74,33.15,
ACA33710,9.12,23.74,32.86,
ACA33711,10.81,23.75,34.56,
ACA33712,9.72,23.74,33.47,
ACA33713,10.01,23.74,33.76,
ACA33714,10.81,23.75,34.56,
ACA33715,9.12,23.74,32.86,
ACA33716,9.36,23.63,32.99,
ACA33717,9.27,23.63,32.9,
ACA33718,9.72,23.74,33.47,
ACA33719,9.36,23.63,32.99,
ACA33720,9.41,23.74,33.15,
ACA33721,9.18,23.36,32.54,
ACA33745,9.44,23.84,33.28,
ACA33746,9.42,18.71,28.13,
ACA33749,9.9,23.74,33.65,
ACA33753,11.16,23.75,34.9,
ACA33754,10.01,23.74,33.76,
ACA33755,9.41,23.74,33.15,
ACA33756,9.12,23.74,32.87,
ACA33757,8.97,23.74,32.72,
ACA33758,9.04,23.81,32.85,
ACA33759,9.44,22.68,32.12,
ACA33760,9.37,23.32,32.69,
ACA33761,9.41,23.74,33.15,
ACA33762,10.74,24.97,35.71,
ACA33763,10.01,23.74,33.76,
ACA33764,10.01,23.74,33.76,
ACA33765,7.9,23.81,31.71,
ACA33766,10.66,23.74,34.4,
ACA33767,9.94,23.74,33.69,
ACA33768,9.72,23.74,33.47,
ACA33769,10.31,23.74,34.06,
ACA33770,9.72,23.74,33.47,
ACB11760,9.75,22.68,32.43,
ACB11766,10.51,23.74,34.26,
ACB11788,10.2,23.74,33.95,
ACB11797,9.75,22.68,32.43,
ACB11801,10.01,23.74,33.76,
ACB11803,9.72,23.74,33.46,
ACB11805,9.72,23.74,33.47,
ACD47216,9.72,23.74,33.47,
ACD47217,9.72,23.74,33.47,
ACD47218,9.98,23.32,33.3,
ACD47219,9.26,23.32,32.58,
ACD47220,9.72,23.74,33.47,
ACD47221,9.25,23.32,32.57,
ACD47222,10.01,23.74,33.76,
ACD47223,9.37,23.32,32.68,
ACD47224,9.72,23.74,33.47,
ACD47225,9.72,23.74,33.47,
ACD47226,10.05,23.32,33.37,
ACD47227,7.86,23.38,31.25,
ACD47228,9.72,23.74,33.47,
ACD47229,9.37,23.32,32.69,
ACD47230,9.37,23.32,32.69,
ACD47231,9.72,23.74,33.47,
ACD47232,8.22,23.81,32.03,
ACD47233,9.37,23.32,32.69,
ACD56258,10.01,23.74,33.76,
ACD56269,10.09,21.94,32.03,
ACD85429,10.01,23.74,33.76,
ACD85440,10.01,23.74,33.76,
ACD85451,10.01,23.74,33.76,
ACD85462,10.01,23.74,33.76,
ACD85473,10.01,23.74,33.76,
ACD85484,9.41,23.74,33.15,
ACD85495,10.01,23.74,33.76,
ACD85506,10.01,23.65,33.66,
ACD85517,10.01,23.74,33.76,
ACD85528,11.78,24.29,36.07,
ACD85539,10.01,23.65,33.66,
ACD85550,10.01,23.74,33.76,
ACD85561,10.01,23.74,33.76,
ACD85572,9.96,23.74,33.71,
ACD85583,10.01,23.65,33.66,
ACD85602,9.41,23.74,33.15,
ACD85604,8.22,23.81,32.03,
ACD85606,9.37,23.32,32.69,
ACD85608,9.72,23.74,33.47,
ACD85610,7.86,23.38,31.25,
ACD85612,10.42,23.75,34.17,
ACD85614,10.01,23.74,33.76,
ACD85616,9.72,23.74,33.47,
ACD85618,9.72,23.74,33.47,
ACD85620,9.37,23.32,32.68,
ACD85622,9.72,23.74,33.47,
ACD85624,10.02,23.75,33.76,
ACD85626,9.61,23.74,33.35,
ACD85628,9.31,23.81,33.12,
ACD85630,7.86,23.38,31.25,
ACD85632,9.67,23.63,33.3,
ACD85634,9.72,23.74,33.47,
ACD85636,9.48,23.32,32.8,
ACD85638,8.39,23.67,32.06,
ACD93579,10.01,23.74,33.76,
ACF10315,9.37,23.32,32.69,
ACF10317,9.84,23.32,33.16,
ACF10319,9.72,23.74,33.47,
ACF10321,9.14,23.81,32.95,
ACF10323,9.72,23.74,33.47,
ACF10325,9.43,23.2,32.63,
ACF10327,9.73,23.74,33.47,
ACF10329,9.72,23.74,33.47,
ACF10331,9.37,23.32,32.69,
ACF22148,11.02,22.41,33.43,
ACF22159,12.22,21.65,33.87,
ACF22408,10.01,23.65,33.66,
ACF40065,10.01,23.74,33.76,
ACF40067,8.22,23.81,32.03,
ACF40069,9.37,23.32,32.69,
ACF40071,9.72,23.74,33.47,
ACF40073,9.72,23.74,33.47,
ACF40075,9.37,23.32,32.69,
ACF40077,9.72,23.74,33.47,
ACF40080,8.53,23.81,32.34,
ACF40082,9.72,23.74,33.47,
ACF40084,9.98,23.32,33.3,
ACF40086,9,23.32,32.32,
ACF40088,10.54,23.74,34.28,
ACF40090,9.87,24.97,34.84,
ACF40092,8.22,23.81,32.03,
ACF40094,9.48,23.32,32.8,
ACF40096,9.72,23.74,33.47,
ACF40098,9.72,23.74,33.47,
ACF40100,9.37,23.32,32.69,
ACF40102,9.72,23.74,33.47,
ACF40104,9.72,23.74,33.47,
ACF40106,9.91,24.97,34.88,
ACF40108,9.95,23.27,33.22,
ACF40110,8.46,23.09,31.55,
ACF41669,10.01,23.74,33.76,
ACF41900,11.03,25.73,36.76,
ACF54532,10.01,23.74,33.76,
ACF54543,9.72,23.74,33.46,
ACF54554,12.3,25.55,37.85,
ACF54565,12.36,22.3,34.66,
ACF54576,9.54,22.96,32.49,
ACF75877,9.67,23.63,33.3,
ACF75879,9.72,23.74,33.47,
ACG70142,10.01,23.74,33.76,
ACG70153,10.01,23.74,33.76,
ACH82071,8.22,23.81,32.03,
ACH82073,9.72,23.74,33.47,
ACH82075,9.75,23.91,33.66,
ACH82077,8.24,23.41,31.65,
ACI26340,9.72,23.74,33.47,
ACI26351,9.73,23.74,33.47,
ACI26362,9.72,23.74,33.47,
ACI26373,9.73,23.74,33.47,
ACI26395,10.01,23.74,33.76,
ACI26406,10.85,23.74,34.59,
ACI26417,10.01,23.74,33.76,
ACI26483,9.73,23.74,33.47,
ACI26494,9.73,23.74,33.47,
ACI26505,9.73,23.74,33.47,
ACI26516,9.72,23.74,33.47,
ACI26527,9.73,23.74,33.47,
ACI26538,9.72,23.74,33.46,
ACJ09818,10.01,23.74,33.76,
ACJ73748,8.22,23.81,32.03,
ACJ73750,8.1,23.81,31.91,
ACJ73752,9.75,23.74,33.5,
ACJ73757,9.6,23.59,33.19,
ACJ73760,10.43,27.48,37.91,
ACJ73762,9.34,23.32,32.66,
ACJ73764,9.4,22.25,31.65,
ACJ73768,9.51,23.41,32.92,
ACJ73773,9.69,23.32,33,
ACJ73775,9.72,23.74,33.46,
ACK76339,9.31,23.74,33.05,
ACK76349,8.45,23.09,31.54,
ACK76364,9.72,23.74,33.47,
ACK76366,9.48,23.32,32.8,
ACK76367,9.26,23.81,33.07,
ACK76375,9.72,23.74,33.47,
ACL12162,9.72,23.74,33.47,
ACL12173,9.72,23.74,33.47,
ACL12184,9.72,23.74,33.47,
ACL12195,9.72,23.74,33.47,
ACL12206,9.41,23.74,33.15,
ACL12217,9.72,23.74,33.47,
ACL12228,9.72,23.74,33.47,
ACL12239,9.72,23.74,33.47,
ACL12250,9.37,23.32,32.69,
ACM51216,9.73,23.74,33.47,
ACM51218,9.6,23.74,33.35,
ACM51221,9.72,23.74,33.47,
ACM51224,9,23.32,32.32,
ACM51225,9.72,23.74,33.47,
ACM51227,9.74,23.74,33.48,
ACM51229,9.56,23.74,33.31,
ACM51232,8.22,23.81,32.03,
ACM51234,9.72,23.74,33.47,
ACM51236,9.72,23.74,33.47,
ACM51238,9.72,23.74,33.47,
ACM51241,8.39,22.03,30.42,
ACM51243,8.48,23.81,32.29,
ACM51245,9.67,23.63,33.3,
ACM51247,9.67,23.63,33.3,
ACN32545,10.75,23.74,34.49,
ACN32848,9.72,23.74,33.47,
ACN32859,9.72,23.74,33.47,
ACN32870,9.37,23.32,32.69,
ACN32892,9.37,23.32,32.69,
ACN32903,9.72,23.74,33.47,
ACN32914,9.72,23.74,33.47,
ACN32925,9.72,23.74,33.47,
ACN32936,9.38,23.32,32.7,
ACN32947,9.72,23.74,33.47,
ACN32958,9.72,23.74,33.46,
ACN32969,9.48,23.32,32.8,
ACN32980,11.2,23.71,34.92,
ACN32991,9.72,23.74,33.47,
ACN33002,9.72,23.74,33.47,
ACN33013,9.72,23.74,33.47,
ACN33024,9.72,23.74,33.47,
ACN33035,9.72,23.74,33.47,
ACN33046,9.72,23.74,33.47,
ACN33057,9.72,23.74,33.47,
ACN33068,9.72,23.74,33.47,
ACN33079,9.37,23.32,32.69,
ACN33112,9.37,23.32,32.69,
ACN33156,9.72,23.74,33.47,
ACN33167,9.72,23.74,33.47,
ACN33178,9.37,23.32,32.69,
ACN33189,9.72,23.74,33.47,
ACN33200,8.67,23.32,31.99,
ACN33211,9.72,23.74,33.47,
ACN43003,9.72,23.74,33.47,
ACN43014,9.06,23.32,32.38,
ACN43025,9.72,23.74,33.47,
ACN43036,9.72,23.74,33.47,
ACN43047,9.72,23.74,33.47,
ACN43058,10.02,23.74,33.77,
ACN43069,9.72,23.74,33.47,
ACN43080,9.37,23.32,32.69,
ACN76478,9.72,23.74,33.47,
ACN76489,9.41,23.74,33.15,
ACN76500,9.72,23.74,33.47,
ACN76511,9.72,23.74,33.47,
ACN76522,9.72,23.74,33.47,
ACO36331,9.72,23.74,33.47,
ACO36342,9.37,23.32,32.69,
ACO36364,10.01,23.74,33.76,
ACO36375,10.01,23.74,33.76,
ACO36386,9.96,23.63,33.59,
ACO36408,10.01,23.74,33.76,
ACO36419,10.01,23.74,33.76,
ACO36430,10.01,23.74,33.76,
ACO94672,9.72,23.74,33.47,
ACO94683,9.48,23.32,32.8,
ACO94694,9.72,23.74,33.47,
ACO94716,9.48,23.32,32.8,
ACO94727,9.65,23.74,33.39,
ACO94738,9.95,23.32,33.27,
ACO94749,9.48,23.32,32.8,
ACO94760,9.37,23.32,32.69,
ACO94771,9.72,23.74,33.47,
ACO94782,9.72,23.74,33.47,
ACO94793,9.72,23.74,33.47,
ACO94815,10.01,23.74,33.76,
ACO94848,10.01,23.65,33.66,
ACO95281,9.72,23.74,33.47,
ACO95292,9.31,23.74,33.05,
ACO95303,9.37,23.32,32.69,
ACQ65713,9.72,23.74,33.47,
ACQ65724,9.73,23.74,33.47,
ACQ65736,10.25,23.74,33.99,
ACQ65747,10.01,23.65,33.66,
ACR15381,10.01,23.74,33.76,
ACR15392,10.01,23.65,33.66,
ACR15403,10.01,23.74,33.76,
ACR15414,10.01,23.74,33.76,
ACR61677,9.72,23.74,33.47,
ACR61688,9.72,23.74,33.47,
ACR61699,9.72,23.74,33.47,
ACT21466,12.46,27.34,39.8,
ACT21467,12.77,27.34,40.11,
ACT21468,12.46,27.34,39.8,
ACT21469,13.01,27.75,40.76,
ACT21470,13.01,27.75,40.76,
ACT21471,13.01,27.75,40.76,
ACT21472,12.36,27.75,40.11,
ACT34397,9.72,23.74,33.47,
ACT34398,9.72,23.74,33.46,
ACT34399,9.72,23.74,33.46,
ACT34400,10.35,23.75,34.1,
ACT34401,9.72,23.74,33.47,
ACT34402,9.73,23.74,33.48,
ACT34403,8.22,23.81,32.03,
ACT34404,9.72,23.74,33.47,
ACT34405,9.9,24.97,34.87,
ACT34406,9.73,23.74,33.47,
ACT34407,11.78,24.29,36.07,
ACT67771,11.07,19.69,30.77,
ACT67772,9.72,23.74,33.47,
ACT67773,9.75,23.2,32.95,
ACT67774,8.22,23.81,32.03,
ACT67775,9.66,23.74,33.4,
ACT67776,9.72,23.74,33.47,
ACT67777,9.72,23.74,33.47,
ACT67778,9.72,23.74,33.47,
ACT67779,9.72,23.74,33.47,
ACT67780,9.72,23.74,33.46,
ACT67781,11.96,23.8,35.76,
ACT67782,11.74,23.42,35.15,
ACT67783,9.73,23.74,33.47,
ACT67784,9.72,23.74,33.47,
ACT67785,9.72,23.74,33.47,
ACT67786,9.72,23.74,33.47,
ACT67787,10.33,23.32,33.64,
ACT67788,9.73,23.74,33.47,
ACT67789,8.1,23.81,31.91,
ACT67790,8.22,23.77,31.99,
ACT67791,9.72,23.74,33.47,
ACT67792,9.72,23.74,33.47,
ACT67793,8.95,23.74,32.69,
ACT67794,9.67,23.63,33.3,
ACT67795,9.89,23.35,33.24,
ACT67796,9.72,23.74,33.47,
ACT67797,9.72,23.74,33.47,
ACT67798,11.96,23.8,35.76,
ACT67799,8.22,23.81,32.03,
ACT67800,9.72,23.74,33.47,
ACT67801,9.15,27.47,36.62,
ACT67802,9.66,23.74,33.4,
ACT67803,9.72,23.74,33.47,
ACT67804,9.7,23.74,33.45,
ACT67805,9.69,23.74,33.44,
ACT67806,8.22,23.81,32.03,
ACT67807,9.72,23.74,33.47,
ACT67808,9.73,23.74,33.47,
ACT67809,9.72,23.74,33.46,
ACT67810,11.88,21.18,33.06,
ACT67811,8.1,23.81,31.91,
ACT67812,9.72,23.74,33.47,
ACT67813,9.72,23.74,33.47,
ACT67814,9.73,23.74,33.48,
ACT67815,9.72,23.74,33.46,
ACT67816,9.72,23.74,33.47,
ACT67817,8.22,23.81,32.03,
ACT67818,9.72,23.74,33.47,
ACT67819,9.73,23.74,33.48,
ACU79970,9.37,23.32,32.68,
ACU80003,9.72,23.74,33.47,
ACU80036,9.72,23.74,33.47,
ACU80102,9.37,23.32,32.69,
ACU80113,9.37,23.32,32.69,
ACU80124,9.37,23.32,32.69,
ACU80135,9.37,23.32,32.69,
ACU80146,9.48,23.32,32.8,
ACU80157,9.72,23.74,33.47,
ACU80179,9.72,23.74,33.47,
ACU80190,9.48,23.32,32.8,
ACU80201,9.72,23.74,33.47,
ACU80212,9.72,23.74,33.47,
ACU80223,9.37,23.32,32.68,
ACU80245,9.35,23.32,32.67,
ACU80256,9.37,23.32,32.69,
ACU80289,9.72,23.74,33.47,
ACU80300,9.37,23.32,32.69,
ACU80311,9.37,23.32,32.69,
ACU80322,9.37,23.32,32.69,
ACU80333,9.72,23.74,33.47,
ACU80344,9.37,23.32,32.69,
ACU80355,9.37,23.32,32.69,
ACU80366,9.37,23.32,32.69,
ACU80377,9.37,23.32,32.68,
ACU80388,9.37,23.32,32.69,
ACU80399,9.72,23.74,33.47,
ACU80424,9.37,23.32,32.68,
ACU80435,9.37,23.32,32.68,
ACU80458,9.72,23.74,33.47,
ACU80470,9.72,23.74,33.47,
ACU80600,9.37,23.32,32.69,
ACU80611,9.37,23.32,32.68,
ACU80622,9.37,23.32,32.69,
ACU80633,9.72,23.74,33.47,
ACU80644,9.48,23.32,32.8,
ACU80655,9.72,23.74,33.47,
ACU80666,9.72,23.74,33.47,
ACU80677,10.01,23.74,33.76,
ACU80688,9.72,23.74,33.47,
ACU80699,9.37,23.32,32.69,
ACU80710,9.37,23.32,32.69,
ACU80721,9.72,23.74,33.47,
ACU80732,9.72,23.74,33.47,
ACU80743,9.72,23.74,33.47,
ACU80754,9.72,23.74,33.47,
ACU80765,9.48,23.32,32.8,
ACU80787,9.72,23.74,33.47,
ACU80798,9.72,23.74,33.47,
ACU81103,9.72,23.74,33.47,
ACV72364,9.7,23.74,33.45,
ACV72365,9.65,23.74,33.39,
ACV72366,11.96,23.8,35.76,
ACV72367,8.22,23.81,32.03,
ACV72368,9.73,23.32,33.05,
ACV72369,11.94,23.8,35.74,
ACV72370,9.72,23.74,33.47,
ACV72371,9.68,23.74,33.42,
ACV72372,8.22,23.81,32.03,
ACV72373,9.73,23.74,33.47,
ACV72374,10.18,23.83,34.01,
ACV72375,11.96,23.8,35.76,
ACZ05161,11.12,23.86,34.98,
ACZ05172,11.12,23.86,34.98,
ACZ05183,11.97,23.8,35.77,
ACZ05205,11.12,23.86,34.98,
ACZ05216,9.72,23.74,33.47,
ACZ05227,11.12,23.86,34.98,
ACZ05238,11.97,23.8,35.77,
ACZ05249,11.12,23.86,34.98,
ACZ05260,11.12,23.86,34.98,
ACZ05271,9.72,23.74,33.47,
ACZ05282,9.31,23.74,33.05,
ACZ05304,11.12,23.86,34.98,
ACZ05315,10.18,23.83,34.01,
ACZ05326,11.12,23.86,34.98,
ACZ05337,12.4,23.8,36.2,
ACZ05348,11.12,23.86,34.98,
ACZ05359,11.97,23.8,35.77,
ACZ05370,11.12,23.86,34.98,
ACZ05392,12.12,24.08,36.2,
ACZ05403,11.12,23.86,34.98,
ACZ05414,10.14,23.74,33.88,
ACZ05425,11.96,23.8,35.76,
ACZ05436,11.96,23.8,35.76,
ACZ05458,11.12,23.86,34.98,
ACZ05469,11.12,23.86,34.98,
ACZ05480,11.96,23.8,35.76,
ACZ05491,11.96,23.8,35.76,
ACZ05513,10.18,23.83,34.01,
ACZ05524,11.12,23.86,34.98,
ACZ05535,11.96,23.8,35.76,
ACZ05546,11.96,23.8,35.76,
ACZ05557,11.12,23.86,34.98,
ACZ05950,11.96,23.8,35.76,
ACZ05961,11.12,23.86,34.98,
ACZ05972,11.96,23.8,35.76,
ACZ05983,11.96,23.8,35.76,
ACZ05994,11.96,23.8,35.76,
ACZ06005,11.12,23.86,34.98,
ACZ06016,11.12,23.86,34.98,
ADB89721,11.16,23.8,34.96,
ADB89732,11.91,23.69,35.6,
ADB90414,11.12,23.86,34.98,
ADD21560,9.46,24.37,33.83,
ADE34191,11.12,23.86,34.98,
ADE34202,11.12,23.86,34.98,
ADE34213,10.14,23.74,33.88,
ADE34224,11.12,23.86,34.98,
ADE34235,11.13,23.86,34.99,
ADE34246,11.12,23.86,34.98,
ADE34257,11.96,23.8,35.76,
ADE34268,11.02,23.86,34.88,
ADI75829,9.72,23.74,33.47,
ADI75840,9.73,23.74,33.47,
ADI75873,9.72,23.74,33.47,
ADI75884,9.72,23.74,33.47,
ADI75895,11.97,23.8,35.77,
ADI75917,9.72,23.74,33.47,
ADI75928,9.72,23.74,33.47,
ADJ88782,9.73,23.74,33.47,
ADK45312,11.96,23.8,35.76,
ADK45410,10.42,23.75,34.16,
ADK45421,11.97,23.8,35.77,
ADK45432,9.72,23.74,33.47,
ADK45443,9.72,23.74,33.47,
ADK45454,11.96,23.71,35.67,
ADK45465,11.97,23.8,35.77,
ADK45476,10.03,23.74,33.77,
ADK94191,11.96,23.71,35.67,
ADK94202,9.73,23.74,33.47,
ADK94213,9.72,23.74,33.47,
ADK94224,11.96,23.8,35.76,
ADK94235,11.55,23.8,35.35,
ADK94246,12.19,23.8,35.99,
ADK94257,11.97,23.8,35.77,
ADK94268,11.97,23.8,35.77,
ADK94279,10.03,23.74,33.77,
ADK94290,11.96,23.8,35.76,
ADK94301,11.96,23.8,35.76,
ADK94312,11.96,23.8,35.76,
ADK94323,11.96,23.8,35.76,
ADK94334,9.73,23.74,33.48,
ADK94345,12.63,23.8,36.43,
ADK94441,11.96,23.71,35.67,
ADK94476,12.63,23.8,36.43,
ADK94487,11.96,23.8,35.76,
ADK94498,11.96,23.8,35.76,
ADK94509,11.96,23.8,35.76,
ADK94520,9.71,23.74,33.45,
ADK94531,11.96,23.8,35.76,
ADK94542,9.72,23.74,33.47,
ADK94553,11.97,23.8,35.77,
ADK94564,11.96,23.8,35.76,
ADK94575,11.96,23.8,35.76,
ADK94586,11.96,23.8,35.76,
ADK98623,11.97,23.8,35.77,
ADK98634,9.72,23.74,33.47,
ADK98645,9.72,23.74,33.47,
ADK98656,9.72,23.74,33.47,
ADK98667,11.97,23.8,35.77,
ADK98678,9.72,23.74,33.46,
ADK98689,9.72,23.74,33.47,
ADK98700,9.72,23.74,33.47,
ADK98711,9.72,23.74,33.47,
ADK98722,9.38,23.74,33.12,
ADK98733,11.97,23.8,35.77,
ADK98744,9.72,23.74,33.47,
ADK98755,9.72,23.74,33.47,
ADK98766,9.72,23.74,33.47,
ADK98777,9.72,23.74,33.47,
ADK98788,9.72,23.74,33.47,
ADK98799,11.96,23.8,35.76,
ADK98810,9.81,27.48,37.29,
ADK98821,11.96,23.8,35.76,
ADK98832,9.72,23.74,33.47,
ADK98843,11.97,23.8,35.77,
ADK98854,9.72,23.74,33.47,
ADK98865,9.17,23.74,32.91,
ADK98876,12.35,23.8,36.15,
ADK98887,11.97,23.8,35.77,
ADK98898,9.72,23.74,33.47,
ADK98909,9.72,23.74,33.47,
ADK98920,11.97,23.8,35.77,
ADK98931,9.72,23.74,33.47,
ADK98953,9.73,23.74,33.47,
ADK98964,9.72,23.74,33.47,
ADK98975,11.97,23.8,35.77,
ADK98986,9.73,23.74,33.47,
ADK98997,11.96,23.8,35.76,
ADK99008,9.73,23.74,33.47,
ADK99019,9.72,23.74,33.47,
ADK99030,12.26,23.8,36.05,
ADK99041,9.72,23.74,33.47,
ADK99052,9.72,23.74,33.47,
ADK99063,11.97,23.8,35.77,
ADK99074,10.03,23.74,33.77,
ADK99085,9.72,23.74,33.47,
ADK99096,9.72,23.74,33.47,
ADK99107,9.72,23.74,33.47,
ADK99118,11.97,23.8,35.76,
ADK99129,11.97,23.8,35.77,
ADK99140,11.97,23.8,35.77,
ADK99151,12.48,23.8,36.28,
ADK99162,11.97,23.8,35.77,
ADK99173,9.72,23.74,33.47,
ADK99184,10.03,23.74,33.77,
ADK99195,9.72,23.74,33.47,
ADK99206,11.96,23.71,35.67,
ADK99217,11.97,23.8,35.77,
ADK99228,11.97,23.8,35.77,
ADK99239,11.96,23.8,35.76,
ADK99250,9.72,23.74,33.47,
ADK99261,11.97,23.8,35.77,
ADK99272,9.7,23.74,33.45,
ADK99283,11.96,23.8,35.76,
ADK99294,9.69,23.83,33.52,
ADK99305,9.72,23.74,33.47,
ADL27989,9.72,23.74,33.47,
ADL28000,11.08,23.8,34.88,
ADL28011,9.72,23.74,33.47,
ADL28022,11.97,23.8,35.77,
ADL28033,9.72,23.74,33.47,
ADL28044,11.96,23.8,35.76,
ADL28055,9.72,23.74,33.47,
ADL28066,9.72,23.74,33.47,
ADL28077,11.97,23.8,35.77,
ADL28088,9.72,23.74,33.47,
ADL28099,9.72,23.74,33.47,
ADL28110,11.66,23.8,35.46,
ADL28126,9.78,23.96,33.75,
ADL28137,9.72,23.74,33.46,
ADL28148,9.72,23.74,33.47,
ADL28159,9.72,23.74,33.47,
ADL28170,11.97,23.8,35.77,
ADL28181,9.72,23.74,33.47,
ADL28192,11.96,23.71,35.67,
ADL28203,10.03,23.74,33.77,
ADL28214,10.18,23.83,34.01,
ADL28225,9.72,23.74,33.47,
ADL28236,11.97,23.8,35.77,
ADL28247,9.72,23.74,33.47,
ADL28258,11.97,23.8,35.77,
ADL28370,9.72,23.74,33.47,
ADL39181,9.7,23.74,33.45,
ADL39203,11.96,23.8,35.76,
ADL39302,9.72,23.74,33.47,
ADL39324,9.74,23.74,33.48,
ADL39346,9.73,23.74,33.47,
ADL39357,9.62,23.74,33.36,
ADL39368,9.72,23.74,33.47,
ADL39401,9.62,23.74,33.36,
ADL39412,9.41,23.74,33.15,
ADL39434,8.2,23.81,32.01,
ADM07493,12.19,23.8,35.99,
ADM07504,10.18,23.83,34.01,
ADM12806,10.18,23.83,34.01,
ADM12817,10.18,23.83,34.01,
ADM12828,10.18,23.83,34.01,
ADM12839,10.18,23.83,34.01,
ADM12850,10.18,23.83,34.01,
ADM26784,9.73,23.74,33.48,
ADM26795,9.72,23.74,33.47,
ADM26806,9.81,27.48,37.29,
ADM26817,10.64,23.83,34.47,
ADM86429,10.49,23.83,34.31,
ADN06366,10.18,23.83,34.01,
ADN89864,10.18,23.83,34.01,
ADN89875,10.18,23.83,34.01,
ADN89886,10.18,23.83,34.01,
ADN89897,10.18,23.83,34.01,
ADN89908,10.18,23.83,34.01,
ADN89919,10.18,23.83,34.01,
ADN89930,10.18,23.83,34.01,
ADN89941,10.18,23.83,34.01,
ADN89952,10.18,23.83,34.01,
ADN89963,10.18,23.83,34.01,
ADN89974,9.77,23.83,33.6,
ADN89985,10.18,23.83,34.01,
ADN89996,10.18,23.83,34.01,
ADN90007,10.18,23.83,34.01,
ADN90018,10.18,23.83,34.01,
ADN90029,10.18,23.83,34.01,
ADN90040,10.18,23.83,34.01,
ADN90051,10.18,23.83,34.01,
ADN90062,10.18,23.83,34.01,
ADN90073,10.18,23.83,34.01,
ADN90084,10.18,23.83,34.01,
ADN90095,10.18,23.83,34.01,
ADN90106,10.18,23.83,34.01,
ADN90117,10.18,23.83,34.01,
ADN90128,10.18,23.83,34.01,
ADN90139,10.18,23.83,34.01,
ADN90150,10.18,23.83,34.01,
ADN90161,10.18,23.83,34.01,
ADN90172,10.18,23.83,34.01,
ADN90183,10.18,23.83,34.01,
ADN90194,10.18,23.83,34.01,
ADN90205,10.18,23.83,34.01,
ADN90216,10.18,23.83,34.01,
ADR32361,11.96,23.8,35.76,
ADV76579,9.7,23.74,33.45,
ADV76587,11.12,23.86,34.98,
ADV76598,11.12,23.86,34.98,
ADV76609,10.18,23.83,34.01,
ADV76620,11.12,23.86,34.98,
ADV76631,11.96,23.8,35.76,
ADW23115,9.8,23.32,33.11,
ADY05347,11.46,23.74,35.2,
ADY11825,10.22,23.83,34.05,
ADY11836,11.96,23.8,35.76,
ADY17654,11.12,23.86,34.98,
ADY17665,11.12,23.86,34.98,
ADY17676,11.96,23.8,35.76,
ADY17687,11.12,23.86,34.98,
ADY17698,11.12,23.86,34.98,
AEA72704,10.18,23.83,34.01,
AEA72715,10.18,23.83,34.01,
AEA72726,10.18,23.83,34.01,
AEA73288,10.18,23.83,34.01,
AEA73299,10.18,23.83,34.01,
AEA73310,10.18,23.83,34.01,
AEA73321,10.18,23.83,34.01,
AEA73332,10.18,23.83,34.01,
AEA73343,10.18,23.83,34.01,
AEA73354,10.18,23.83,34.01,
AEA73365,10.18,23.83,34.01,
AEA73376,10.18,23.83,34.01,
AEA73387,10.18,23.83,34.01,
AEA73398,10.18,23.83,34.01,
AEA73409,10.18,23.83,34.01,
AEA73420,10.18,23.83,34.01,
AEA73452,10.18,23.83,34.01,
AEA73463,10.18,23.83,34.01,
AEA73474,10.18,23.83,34.01,
AEA73485,10.88,23.83,34.71,
AEA73496,10.18,23.83,34.01,
AEA73507,10.18,23.83,34.01,
AEA73518,10.18,23.83,34.01,
AEA73529,10.18,23.83,34.01,
AEA73540,10.18,23.83,34.01,
AEA73551,10.18,23.83,34.01,
AEA73562,10.18,23.83,34.01,
AEA77299,9.72,23.74,33.47,
AEB40206,11.12,23.86,34.98,
AEB66895,11.12,23.86,34.98,
AEB71925,9.72,23.74,33.47,
AEB71936,9.72,23.74,33.47,
AEB71947,9.72,23.74,33.47,
AEB71969,11.96,23.8,35.76,
AEB71980,9.72,23.74,33.47,
AEG64856,13.15,26.28,39.43,
AEG64867,13.37,26.25,39.62,
AEG64878,13.37,26.25,39.62,
AEG64889,13.38,26.25,39.63,
AEG64900,12.19,26.09,38.28,
AEG64911,11.71,22.32,34.03,
AEG64922,11.71,22.32,34.03,
AEG64933,11.71,22.32,34.03,
AEG64944,11.71,22.32,34.03,
AEG64955,11.71,22.32,34.03,
AEG64966,11.71,22.32,34.03,
AEG64977,11.39,22.32,33.72,
AEG64988,11.1,23.46,34.56,
AEG64999,9.87,24.57,34.44,
AEG65010,9.87,24.57,34.44,
AEG65021,9.87,24.57,34.44,
AEG65032,11.41,23.46,34.87,
AEG65043,11.41,23.46,34.87,
AEG65054,11.41,23.46,34.87,
AEG65065,11.1,23.46,34.56,
AEG65076,11.32,23.46,34.78,
AEG65087,12.22,27.27,39.49,
AEG65098,10.63,23.04,33.68,
AEG65109,11.71,23.46,35.18,
AEG65120,11.1,23.46,34.57,
AEG65131,11.18,23.04,34.22,
AEG65142,12.19,26.09,38.28,
AEG65153,12.19,26.09,38.28,
AEG65164,12.19,26.09,38.28,
AEG65175,9.65,22.32,31.98,
AEG65186,9.87,24.57,34.44,
AEG65197,9.87,24.57,34.44,
AEG65208,11.41,23.46,34.87,
AEG65252,12.3,25.24,37.54,
AEG65307,12.3,25.24,37.54,
AEG65318,12.3,25.24,37.54,
AEG65604,9.26,24.57,33.83,
AEG65648,9.65,22.32,31.98,
AEG65703,11.41,23.46,34.87,
AEG65714,11.41,23.46,34.87,
AEG65725,11.41,23.46,34.87,
AEG65736,10.18,24,34.18,
AEG65747,11.1,23.46,34.56,
AEG65758,11.41,23.46,34.87,
AEG65769,9.85,24.04,33.89,
AEG65780,11.65,23.74,35.4,
AEG65791,10.58,23.83,34.41,
AEG65802,11.46,23.74,35.2,
AEG65813,11.46,23.74,35.2,
AEH77279,11.71,22.32,34.03,
AEI54347,11.71,22.32,34.03,
AEI54358,11.71,22.32,34.03,
AEI54369,10.18,24,34.18,
AEI54402,10.32,23.74,34.06,
AEI54413,10.01,23.74,33.76,
AEI54424,9.85,24.04,33.89,
AEI54435,11.46,23.74,35.2,
AEI54446,11.46,23.74,35.2,
AEI54457,11.46,23.74,35.2,
AEI54468,10.18,23.83,34.01,
AEI54479,10.18,23.83,34.01,
AEI54490,11.46,23.74,35.2,
AEI54501,11.46,23.74,35.2,
AEI59979,9.72,23.74,33.47,
AEI60012,9.06,23.74,32.81,
AEI60023,9.72,23.74,33.47,
AEI60034,11.66,23.83,35.49,
AEK21369,10.18,23.83,34.01,
AEK28785,10.18,23.83,34.01,
AEK28796,10.49,23.56,34.05,
AEK28818,11.94,23.8,35.74,
AEK28828,10.46,23.86,34.32,
AEK28839,9.72,23.74,33.47,
AEK28861,9.72,23.74,33.47,
AEK28872,8.22,23.81,32.03,
AEK28883,9.74,23.74,33.48,
AEK28927,9.73,23.74,33.47,
AEK28949,9.72,23.74,33.47,
AEK28971,9.72,23.74,33.47,
AEK28993,9.72,23.74,33.47,
AEK29004,11.46,23.74,35.2,
AEK29059,10.18,23.83,34.01,
AEK29070,10.18,23.83,34.01,
AEK29081,10.07,23.83,33.9,
AEK29092,10.18,23.83,34.01,
AEK29103,11.46,23.74,35.2,
AEK29114,11.46,23.74,35.2,
AEK29125,11.46,23.74,35.2,
AEK29136,11.46,23.74,35.2,
AEK29147,11.46,23.74,35.2,
AEK29158,11.46,23.74,35.2,
AEK29169,11.46,23.74,35.2,
AEK29180,11.46,23.74,35.2,
AEK29191,11.46,23.74,35.2,
AEK29202,11.46,23.74,35.2,
AEK29213,11.46,23.74,35.2,
AEK29224,11.46,23.74,35.2,
AEK29235,11.46,23.74,35.2,
AEK29246,11.46,23.74,35.2,
AEM60069,12.98,24.45,37.43,
AEM98407,10.18,23.83,34.01,
AEM98418,10.18,23.83,34.01,
AEM98429,10.18,23.83,34.01,
AEO00689,7.29,26.84,34.13,
AEO01625,9.48,23.32,32.8,
AEO01636,9.48,23.32,32.8,
AEO01642,10.24,23.74,33.99,
AEO01691,9.48,23.32,32.8,
AEO16287,7.29,26.84,34.13,
AEO99215,10.01,23.74,33.76,
AEQ92851,6.57,26.49,33.05,
AET21593,6.56,26.49,33.04,
AET98600,10.18,23.83,34.01,
AEU04994,6.57,26.49,33.05,
AEU05005,6.57,26.49,33.05,
AEU05016,6.56,26.49,33.04,
AEU05027,6.55,26.42,32.96,
AEU05038,7.29,26.84,34.13,
AEW31145,6.57,26.49,33.05,
AEW31156,6.57,26.49,33.05,
AEW31167,6.57,26.49,33.05,
AEW31178,6.57,26.49,33.05,
AFD64795,11.46,23.74,35.2,
AFD64797,11.45,23.74,35.19,
AFD64799,11.46,23.74,35.2,
AFD64802,11.45,23.74,35.19,
AFD64804,11.46,23.74,35.2,
AFD64806,11.45,23.74,35.19,
AFD64807,10.22,23.81,34.03,
AFD64810,11.46,23.74,35.2,
AFD64812,11.45,23.74,35.19,
AFD64814,11.45,23.74,35.19,
AFD64816,11.44,23.74,35.19,
AFD64818,11.46,23.74,35.2,
AFD64819,11.46,23.74,35.2,
AFD64820,11.46,23.74,35.2,
AFD64821,11.44,23.74,35.19,
AFD64822,11.44,23.74,35.19,
AFD64823,11.45,23.74,35.19,
AFD64824,11.45,23.74,35.19,
AFD64825,11.45,23.74,35.19,
AFD64826,10.18,23.83,34.01,
AFD64827,11.45,23.74,35.19,
AFD64828,11.46,23.74,35.2,
AFD64830,11.44,23.74,35.19,
AFD98095,11.46,23.74,35.2,
AFD98106,10.58,23.83,34.41,
AFD98117,10.58,23.83,34.41,
AFD98128,11.46,23.74,35.2,
AFD98139,11.46,23.74,35.2,
AFD98150,11.46,23.74,35.2,
AFD98161,10.58,23.83,34.41,
AFD98172,10.58,23.83,34.41,
AFD98183,11.46,23.74,35.2,
AFD98194,11.46,23.74,35.2,
AFD98215,10.58,23.83,34.41,
AFD98226,11.46,23.74,35.2,
AFD98237,11.46,23.74,35.2,
AFD98248,10.58,23.83,34.41,
AFD98259,10.51,23.83,34.33,
AFD98290,11.44,23.74,35.19,
AFD98340,10.58,23.83,34.41,
AFD98351,10.58,23.83,34.41,
AFD98362,10.18,23.83,34.01,
AFD98373,10.58,23.83,34.41,
AFD98384,11.46,23.74,35.2,
AFD98395,10.58,23.83,34.41,
AFD98406,10.58,23.83,34.41,
AFD98417,10.58,23.83,34.41,
AFD98428,11.45,23.74,35.19,
AFD98449,11.97,23.8,35.76,
AFD98460,10.58,23.83,34.41,
AFD98481,11.4,23.74,35.14,
AFD98492,11.46,23.74,35.2,
AFD98503,10.58,23.83,34.41,
AFD98514,11.46,23.74,35.2,
AFD98525,11.45,23.74,35.19,
AFD98536,10.58,23.83,34.41,
AFD98547,10.58,23.83,34.41,
AFD98558,11.46,23.74,35.2,
AFD98569,11.45,23.74,35.19,
AFD98580,11.46,23.74,35.2,
AFF18506,11.46,23.74,35.2,
AFG72801,12.3,25.55,37.86,
AFG99105,8.13,22.88,31.01,
AFG99237,8.63,22.49,31.12,
AFG99259,12.91,23.75,36.66,
AFG99303,10.73,26.41,37.14,
AFG99435,11.27,26.41,37.69,
AFG99446,11.27,26.41,37.69,
AFG99701,11.14,26.07,37.2,
AFG99712,11.48,26.07,37.54,
AFG99723,11.58,26.07,37.64,
AFH00637,10.48,24.94,35.42,
AFH00648,10.71,23.06,33.77,
AFH00747,12.82,24.45,37.26,
AFJ11706,9.52,23.83,33.35,
AFJ11717,10.22,23.83,34.05,
AFJ11728,11.46,23.74,35.2,
AFJ19842,10.58,23.83,34.41,
AFJ20171,11.46,23.74,35.2,
AFJ20182,11.46,23.74,35.2,
AFM45476,11.46,23.74,35.2,
AFM45487,10.36,23.43,33.79,
AFM45489,11.46,23.74,35.2,
AFM45494,10.36,23.43,33.79,
AFM68965,8.13,22.88,31.01,
AFM71754,11.97,21.25,33.22,
AFM71868,11.03,25.73,36.76,
AFM71989,11.44,23.63,35.07,
AFM72279,13.94,25.52,39.47,
AFM72422,9.44,23.84,33.28,
AFM72993,9.41,24.91,34.32,
AFQ32573,11.46,23.74,35.2,
AFR68173,10.34,23.43,33.78,
BAG12818,8.37,22.18,30.55,
H3,E_ec=,E_sc=,E_bind=,33.12
