ABB54514,10,37,27,64
ABN51099,11,37,26,63
ABN51121,10,37,27,64
ABO44068,11,37,26,63
ABO52357,10,37,27,64
ABP49514,11,37,26,63
ABR15797,11,37,26,63
ABN51110,10,37,27,64
ABN51132,10,37,27,64
ABP49503,10,37,27,64
ABO52324,11,37,26,63
ABO52368,11,37,26,63
ABS49899,11,37,26,63
ABS49910,11,37,26,63
BAG12818,11,37,26,63
AAA43187,12,38,26,64
AAZ80007,11,37,26,63
ABB52376,10,37,27,64
ABP49184,13,38,25,63
AAZ43383,10,37,27,64
ABD17323,10,37,27,64
ABA12773,10,37,27,64
ABC84542,10,37,27,64
ABC97374,10,37,27,64
ABC02332,10,37,27,64
ABB96352,13,39,26,65
ABC02321,13,39,26,65
ABC02255,13,39,26,65
ABO52335,11,38,27,65
ABO52313,14,39,25,64
ABB96363,12,40,28,68
ABC02266,12,40,28,68
ABC40544,11,39,28,67
ABD16751,12,40,28,68
ABD16740,11,39,28,67
ABD61757,11,39,28,67
ABP49492,12,39,27,66
ABQ01366,11,39,28,67
ABR28592,11,39,28,67
ABB96374,13,40,27,67
ABB96395,13,40,27,67
ABC02310,13,40,27,67
ABC67839,13,40,27,67
ABC67861,13,40,27,67
ABO52346,10,39,29,68
AFG99105,12,39,27,66
AFM68965,12,39,27,66
ABB96341,13,40,27,67
ABB96319,13,40,27,67
ABB96330,13,40,27,67
ABC46554,12,40,28,68
ABO33069,12,40,28,68
ABO38230,12,40,28,68
ABC46565,15,42,27,69
ABC40555,16,43,27,70
ABC86137,15,42,27,69
ABD16762,15,42,27,69
ABC46576,15,42,27,69
ABD61529,17,43,26,69
ABC84531,17,43,26,69
ABD17334,18,43,25,68
ABD16729,17,43,26,69
ABD61777,17,43,26,69
ABG37208,20,44,24,68
AAZ43370,18,44,26,70
ABA16214,19,44,25,69
ABD16718,17,43,26,69
ABG26802,18,43,25,68
ABI93039,18,43,25,68
ABO38241,18,43,25,68
AFG99237,15,43,28,71
ABF47550,17,44,27,71
ABB96509,18,45,27,72
ABD16593,17,44,27,71
ABD16582,18,44,26,70
AEM60069,18,45,27,72
AFG99259,19,45,26,71
AFH00747,17,44,27,71
AFG99303,17,44,27,71
ABA43336,18,45,27,72
ABD16571,18,44,26,70
ABG37219,18,45,27,72
AFG99435,18,45,27,72
AFG99446,18,45,27,72
AFG99701,16,44,28,72
AFG99712,17,45,28,73
AFG99723,17,45,28,73
ABG88729,17,44,27,71
ABG80414,18,45,27,72
ABG48280,18,45,27,72
ABG80403,18,45,27,72
ABI30854,18,45,27,72
ABG48291,18,44,26,70
ABG48335,18,45,27,72
ABI21387,18,45,27,72
ABI21431,18,45,27,72
ABG48313,17,44,27,71
ABI21255,18,45,27,72
ABI21321,18,45,27,72
ABI30865,18,45,27,72
ABG48357,18,45,27,72
ABI21310,18,45,27,72
ABI21365,18,45,27,72
ABI21332,17,44,27,71
ABI21486,18,45,27,72
ABG48324,18,45,27,72
ABG48368,18,45,27,72
ABG80359,17,44,27,71
ABI21420,17,44,27,71
ABG48302,18,45,27,72
ABI21266,18,45,27,72
ABI21409,18,45,27,72
ABI21453,18,45,27,72
ABI21497,18,45,27,72
ABI21288,18,45,27,72
ABI21354,18,45,27,72
ABI21464,18,45,27,72
ABI21475,18,45,27,72
ABG80381,18,45,27,72
ABI21398,18,45,27,72
ABJ09217,18,45,27,72
ABG88740,18,45,27,72
ABG80425,18,45,27,72
ABI21277,18,45,27,72
ABI21442,18,45,27,72
ABG80392,18,45,27,72
ABG48346,18,45,27,72
ABG88751,18,45,27,72
ABG88784,18,45,27,72
ABI21244,20,46,26,72
ABI21299,17,45,28,73
ABG88773,18,45,27,72
ABG88762,17,44,27,71
ABG80348,17,45,28,73
ABI21376,17,45,28,73
ABG80370,19,46,27,73
ABI21343,18,45,27,72
ABG37351,17,45,28,73
ABG47939,17,44,27,71
ABG48038,18,45,27,72
ABJ09140,18,45,27,72
ABG88421,18,45,27,72
ABK40678,18,45,27,72
ABG67234,15,44,29,73
ABG26934,17,44,27,71
ABG47917,18,45,27,72
ABG67245,18,45,27,72
ABI20936,18,45,27,72
ABI20925,18,45,27,72
ABG26923,18,45,27,72
ABG80161,17,44,27,71
ABG47928,18,45,27,72
ABG80139,18,45,27,72
ABG47994,18,45,27,72
ABG80117,19,45,26,71
ABG88454,17,44,27,71
ABG88498,18,45,27,72
ABG47961,17,44,27,71
ABG80150,18,44,26,70
ABI20947,18,45,27,72
ABI30389,18,45,27,72
ABG47972,18,45,27,72
ABG88465,18,45,27,72
ABG47983,18,45,27,72
ABG88520,18,45,27,72
ABG88432,18,45,27,72
ABG88443,18,45,27,72
ABG48016,18,45,27,72
ABG80073,16,43,27,70
ABG48027,18,45,27,72
ABI92324,18,45,27,72
ABG88476,18,45,27,72
ABF47858,18,45,27,72
ABI20958,17,44,27,71
ABG48005,18,45,27,72
ABG80095,18,45,27,72
ABG88410,18,45,27,72
ABG80084,17,44,27,71
ABG80106,18,45,27,72
ABG88487,18,45,27,72
ABG88531,19,45,26,71
ABG80128,19,46,27,73
ABG67223,18,45,27,72
ABG67212,18,45,27,72
ABG88509,18,45,27,72
ABI20914,18,45,27,72
ABG47950,18,45,27,72
ABG37230,18,45,27,72
ABG79963,18,45,27,72
ABG67157,19,45,26,71
ABG37252,18,45,27,72
ABI20903,19,46,27,73
ABG79974,18,45,27,72
ABG37274,18,45,27,72
ABG79985,18,45,27,72
ABG26868,18,45,27,72
AAZ74606,18,45,27,72
ABG80051,18,45,27,72
ABG37296,18,45,27,72
ABG80018,18,45,27,72
ABG26901,18,45,27,72
ABG37263,18,45,27,72
ABG37285,18,45,27,72
ABG67168,18,45,27,72
ABG37307,18,45,27,72
ABG26846,19,46,27,73
ABG88388,18,45,27,72
ABI20892,19,46,27,73
ABG37318,18,45,27,72
ABG80040,18,45,27,72
ABG88355,16,44,28,72
ABG47906,18,45,27,72
ABG47873,18,45,27,72
ABG26912,18,45,27,72
ABG67179,18,45,27,72
ABG26890,18,45,27,72
ABG88377,18,45,27,72
ABG47895,18,45,27,72
ABG88399,18,45,27,72
ABG80007,18,45,27,72
ABK40645,18,45,27,72
ABG26879,18,45,27,72
ABG80062,18,45,27,72
ABG67190,18,45,27,72
ABG80029,18,45,27,72
ABK40656,18,45,27,72
ABG37241,18,45,27,72
ABK40667,16,44,28,72
ABG67201,18,45,27,72
ABG26857,18,45,27,72
ABI20881,18,45,27,72
ABG37329,17,45,28,73
ABG88366,18,45,27,72
ABG79996,18,45,27,72
ABG37340,18,45,27,72
ABE13595,16,44,28,72
ABE14464,16,44,28,72
ABE14063,16,44,28,72
ABE15578,16,44,28,72
ABE13617,16,44,28,72
ABE13628,16,44,28,72
ABG67667,16,44,28,72
ABE13652,16,44,28,72
ABG47851,16,44,28,72
ABE13639,17,45,28,73
ABE14019,16,44,28,72
ABF47616,16,44,28,72
ABG37197,17,45,28,73
ABE14041,16,44,28,72
ABE13824,16,44,28,72
ABE14030,16,44,28,72
ABE14052,17,45,28,73
ABE14840,17,45,28,73
ABG37175,17,45,28,73
ABG37186,16,44,28,72
ABG37153,16,44,28,72
ABG37164,17,45,28,73
ABE11911,17,44,27,71
ABE13606,17,44,27,71
ABG47862,18,44,26,70
ABE14124,17,44,27,71
ABD94844,18,44,26,70
ABG88289,18,45,27,72
ABD79233,15,43,28,71
ABD94899,15,43,28,71
ABG67135,19,45,26,71
ABG26758,18,45,27,72
ABG26769,18,44,26,70
ABD79145,15,43,28,71
ABD94866,17,44,27,71
ABD94888,16,44,28,72
ABD77851,15,43,28,71
ABD94855,17,44,27,71
ABD78126,15,43,28,71
ABE13555,18,45,27,72
ABI92291,19,45,26,71
ABD79244,15,43,28,71
ABD77840,19,45,26,71
ABE12645,19,45,26,71
ABD79200,15,43,28,71
ABD94921,17,44,27,71
ABE13076,15,43,28,71
ABD94833,16,44,28,72
ABF82695,15,43,28,71
ABD79156,15,43,28,71
ABG67146,18,45,27,72
ABD77895,18,45,27,72
ABD94910,19,45,26,71
ABG37131,17,44,27,71
ABD94877,18,45,27,72
ABD77873,18,45,27,72
ABE13471,19,45,26,71
ABD77697,19,45,26,71
ABD94932,15,43,28,71
ABF47594,19,45,26,71
ABF82706,18,45,27,72
ABG37142,18,45,27,72
ABE13323,18,45,27,72
ABD77884,18,45,27,72
ABD78115,16,44,28,72
ABD79134,17,44,27,71
ABD79167,15,43,28,71
ABD77686,17,44,27,71
ABD79123,15,43,28,71
ABD77829,17,44,27,71
ABD79211,15,43,28,71
ABD77906,18,45,27,72
ABD79189,15,43,28,71
ABD79222,15,43,28,71
ABD77862,16,44,28,72
ABD79178,15,43,28,71
ABB80148,19,45,26,71
ABB77853,18,45,27,72
ABB59996,19,45,26,71
ABC50178,19,45,26,71
ABD15603,19,45,26,71
ABB79716,19,45,26,71
ABB77864,19,45,26,71
ABB80159,19,45,26,71
ABC50189,19,45,26,71
ABB80092,19,45,26,71
ABB80704,19,45,26,71
ABB80715,19,45,26,71
ABC67576,17,44,27,71
ABB80492,19,45,26,71
ABB80514,19,45,26,71
AAP23238,18,44,26,70
ABD15614,19,45,26,71
ABB60007,18,45,27,72
ABB80185,15,43,28,71
ABB80207,18,45,27,72
ABB80218,19,45,26,71
ABD15592,19,45,26,71
ABB80641,19,45,26,71
ABB80229,19,45,26,71
ABD15570,19,45,26,71
ABD15548,19,45,26,71
ABD15636,19,45,26,71
ABB80737,19,45,26,71
ABB80081,19,45,26,71
ABB80240,19,45,26,71
ABB80661,19,45,26,71
ABB80503,19,45,26,71
ABC02234,18,44,26,70
ABD15537,19,45,26,71
ABD94822,18,44,26,70
ACT21466,16,44,28,72
ACT21467,17,45,28,73
ACT21468,16,44,28,72
ACT21469,18,45,27,72
ACT21470,18,45,27,72
ACT21471,18,45,27,72
ACT21472,17,44,27,71
ABC02299,19,45,26,71
ABB80251,19,45,26,71
ABB80724,19,45,26,71
ABB80196,19,45,26,71
ABD15559,19,45,26,71
ABB80693,19,45,26,71
ABB80682,19,45,26,71
ABC50167,19,45,26,71
ABB80529,19,45,26,71
ABD15581,19,45,26,71
ABB80748,18,44,26,70
ABB96531,19,45,26,71
ABB80672,15,43,28,71
ABC02288,19,45,26,71
ABC84411,19,45,26,71
AAY64192,19,45,26,71
ABB02947,19,45,26,71
AAY98137,19,45,26,71
AAY46426,20,45,25,70
AAY46436,19,45,26,71
AAY46416,18,44,26,70
AAY64232,18,44,26,70
AAY98177,18,44,26,70
AAZ79571,18,44,26,70
AAZ83312,18,44,26,70
AAY64402,19,45,26,71
AAY64322,18,44,26,70
AAY98157,18,44,26,70
AAZ79582,17,43,26,69
AAZ74386,17,43,26,69
ABF21273,17,43,26,69
ABE73114,16,42,26,68
AAZ43405,18,44,26,70
ACF54554,17,43,26,69
AFG72801,17,43,26,69
AFM72279,20,45,25,70
AAY98207,18,44,26,70
ABB02958,18,44,26,70
AAY98217,19,45,26,71
AAY98087,19,45,26,71
ABB02969,18,44,26,70
ABB02980,17,43,26,69
ABB46414,19,45,26,71
AAZ83266,18,44,26,70
ABB02991,17,43,26,69
ABB03002,18,43,25,68
ABB46425,19,45,26,71
ABB03013,18,44,26,70
ABB03024,18,44,26,70
AAY98247,18,44,26,70
AAZ74562,18,44,26,70
AAY98366,19,45,26,71
ABC54668,17,43,26,69
ABB03035,19,45,26,71
AAY98406,18,44,26,70
AAY64282,18,44,26,70
AAY98319,18,44,26,70
AAZ74430,18,44,26,70
ABB03046,17,43,26,69
ABC40608,19,45,26,71
AAZ38473,19,45,26,71
AAZ74397,19,44,25,69
AAZ38484,18,44,26,70
AAY64302,19,45,26,71
AAY98339,18,44,26,70
AAY64262,18,44,26,70
AAY98770,17,43,26,69
AAY98237,18,44,26,70
AAY98047,18,44,26,70
AAY98195,18,44,26,70
AAZ38462,19,44,25,69
ABB53696,18,44,26,70
AAY98396,18,44,26,70
AAZ83323,19,45,26,71
AAY46371,20,45,25,70
AAY98037,18,44,26,70
AAY98117,17,43,26,69
AAZ38561,18,44,26,70
AAZ74363,19,45,26,71
AAY98353,18,44,26,70
AAY98147,18,44,26,70
AAZ38495,18,44,26,70
AAY98097,18,44,26,70
AAY98376,18,44,26,70
AAY98127,19,44,25,69
AAZ79560,19,44,25,69
AAY98167,17,43,26,69
AAY64342,18,44,26,70
AAY64372,19,44,25,69
AAY98386,19,44,25,69
AAZ74408,18,44,26,70
AAY64382,18,44,26,70
AAY98329,18,44,26,70
AAZ74584,18,44,26,70
AAY64242,18,44,26,70
AAY98227,18,44,26,70
AAZ83277,18,44,26,70
AAY98107,18,44,26,70
AAZ79516,18,44,26,70
ABB05205,18,43,25,68
AAY18166,18,44,26,70
AAY28275,18,44,26,70
AEG64856,18,44,26,70
AAX57904,18,44,26,70
AEG64867,19,44,25,69
AAY59035,19,44,25,69
AAY44755,17,43,26,69
AAX57744,19,44,25,69
AAX57914,18,43,25,68
AAX57794,20,45,25,70
AAX56540,19,44,25,69
AEG64878,19,44,25,69
AAY44785,19,44,25,69
AAX57754,19,44,25,69
AAY44795,19,44,25,69
AAY28355,19,44,25,69
AAY47052,18,43,25,68
AAZ74617,19,44,25,69
AAY64252,19,43,24,67
AAX76693,18,43,25,68
ABB05183,19,44,25,69
AAX57774,19,44,25,69
ABA42978,19,44,25,69
ABB05194,18,44,26,70
ABB02880,19,44,25,69
AAY18186,19,44,25,69
AAY46391,18,43,25,68
ABA42939,19,44,25,69
AAX57804,19,44,25,69
AAX76673,19,44,25,69
AAX76723,16,42,26,68
AAX57934,19,44,25,69
AAX57854,19,44,25,69
AAY28591,18,44,26,70
AAZ83288,19,44,25,69
ABA42928,19,44,25,69
AAX57814,19,44,25,69
AAX57844,19,44,25,69
ABB02869,19,44,25,69
AAX57824,19,44,25,69
AAX76713,19,44,25,69
AAY18156,19,44,25,69
ABA42509,19,44,25,69
ABB02891,16,42,26,68
ABB05216,19,44,25,69
AAX57874,19,44,25,69
AAX57834,19,44,25,69
AAY44651,18,44,26,70
ABA42520,17,42,25,67
ABB04994,18,43,25,68
AAX57884,19,44,25,69
ABA42531,19,44,25,69
ABB82183,18,44,26,70
ABA42542,19,44,25,69
ABA42553,20,45,25,70
AAX76703,17,43,26,69
AAY18176,19,44,25,69
AAY28363,19,44,25,69
ABA42564,19,44,25,69
ABB02902,19,44,25,69
AAX57764,19,44,25,69
ABB05005,18,44,26,70
AAY44775,18,44,26,70
AAX56550,19,44,25,69
AAX57864,19,44,25,69
AAY64212,19,44,25,69
AEG64889,19,44,25,69
AAX57924,19,44,25,69
AAX76683,19,44,25,69
AAY28551,18,43,25,68
AAY28608,19,44,25,69
AAY28375,19,44,25,69
AAX57894,19,44,25,69
ABW80976,16,43,27,70
ABA18123,17,43,26,69
ABA42302,17,44,27,71
AAX56570,16,43,27,70
AAX56490,16,43,27,70
AAX11625,16,43,27,70
AAX35861,16,43,27,70
AAY28335,17,44,27,71
AAX38237,17,44,27,71
AAX57714,17,44,27,71
AAZ79505,17,44,27,71
ABA42313,16,43,27,70
AAX12761,17,44,27,71
AAY98057,17,44,27,71
AAX56440,16,43,27,70
AAX57733,16,43,27,70
AAX56520,17,44,27,71
AAZ74352,17,44,27,71
ABA42335,17,44,27,71
ABA42346,17,44,27,71
ABA42989,16,43,27,70
AAX56450,17,44,27,71
ABA42357,16,43,27,70
ABB02858,17,44,27,71
AEG65142,17,44,27,71
AAY47013,16,43,27,70
ABA42368,16,43,27,70
AAX56460,17,45,28,73
AAY47023,18,44,26,70
ABA42379,17,44,27,71
ABA42390,16,43,27,70
AAY28648,16,43,27,70
ABA42487,18,44,26,70
AAX12771,17,44,27,71
AAY28638,17,44,27,71
AAX35851,17,44,27,71
AAX47525,17,43,26,69
ABA42498,16,43,27,70
AAY28305,16,43,27,70
AAX56580,16,43,27,70
AAX12791,15,43,28,71
ABA42401,18,44,26,70
AEG65153,17,44,27,71
AAY27959,17,44,27,71
AAY44631,17,44,27,71
AAX56480,17,44,27,71
AAX56500,16,43,27,70
AAX56510,17,44,27,71
ABB04983,16,44,28,72
AAX11635,16,44,28,72
AAY18116,17,44,27,71
AAY44896,17,44,27,71
AAX57664,17,44,27,71
AAX57694,17,44,27,71
AAY44641,17,44,27,71
AAX12801,16,44,28,72
AAX56590,17,44,27,71
AAX76663,16,43,27,70
ABA42412,17,44,27,71
ABI21508,16,43,27,70
AEG65164,17,44,27,71
AAY18106,17,44,27,71
AAY28014,16,44,28,72
AAY28285,17,44,27,71
AAX47535,17,44,27,71
AAX56470,17,44,27,71
AAX57684,16,43,27,70
ABA42443,17,44,27,71
AAX47515,17,44,27,71
AAY44620,17,44,27,71
ABA42454,17,44,27,71
AAY44621,16,43,27,70
AEG64900,17,44,27,71
AAX35871,16,43,27,70
AAX57784,17,44,27,71
AAY18585,16,44,28,72
AAY28581,17,44,27,71
ABA42465,17,44,27,71
AAX12781,14,42,28,70
AAX12811,17,44,27,71
AAY28325,16,43,27,70
AAY98067,14,42,28,70
ABA42476,17,44,27,71
AAX35841,17,44,27,71
AAZ38539,17,44,27,71
AAX57674,17,44,27,71
AAY98077,17,44,27,71
AAX57734,17,43,26,69
AAY28628,15,42,27,69
AAY28405,17,44,27,71
AAY58320,17,44,27,71
AAZ43394,17,44,27,71
ABX10525,18,44,26,70
ACF54565,18,44,26,70
AAT08000,18,44,26,70
ABB03112,18,44,26,70
AAX57944,17,43,26,69
AAX76743,18,45,27,72
AAY47075,18,45,27,72
AAX76733,17,45,28,73
AAY64272,18,44,26,70
AAY18196,18,44,26,70
AAY64292,17,45,28,73
ACF22148,17,43,26,69
ACF22159,18,44,26,70
AAY28618,18,44,26,70
AAY28315,16,43,27,70
AAY44765,18,44,26,70
AAY44661,17,44,27,71
AAY64222,17,44,27,71
AAY64312,17,44,27,71
ABC40642,18,44,26,70
AAY47085,18,44,26,70
AAZ83242,17,44,27,71
AEG64911,17,44,27,71
AAX56560,17,44,27,71
AAY27863,16,43,27,70
AAY28265,16,43,27,70
AEI54347,17,44,27,71
AAX57644,17,44,27,71
AAY27843,17,44,27,71
AAY44610,17,44,27,71
AEG64922,17,44,27,71
AAX11465,16,43,27,70
AAX56380,16,43,27,70
AAY18086,17,44,27,71
ABD15625,16,43,27,70
AEG64944,17,44,27,71
AEG64933,17,44,27,71
AAY28345,17,44,27,71
AAY64362,16,44,28,72
AAX11475,17,44,27,71
ABD61260,17,44,27,71
AEG64955,17,44,27,71
ABD15460,16,43,27,70
ABD15504,17,44,27,71
AAX56390,16,43,27,70
AEG64966,17,44,27,71
AAY64332,17,44,27,71
AAY64352,17,44,27,71
AAY64392,18,44,26,70
AAY98187,17,44,27,71
AAZ79527,17,44,27,71
AAX11495,18,44,26,70
AAY28395,17,44,27,71
AAY27994,16,43,27,70
AAY46381,17,44,27,71
AAX11485,17,44,27,71
AAY28571,17,44,27,71
AAX56400,16,43,27,70
AAX11505,16,43,27,70
AAY18096,16,43,27,70
AAY28295,17,44,27,71
AAX12751,17,44,27,71
AAY28004,16,43,27,70
AAY44906,17,44,27,71
AEI54358,17,44,27,71
AAX11595,17,44,27,71
AAX11525,17,44,27,71
AAX11535,17,44,27,71
AAX11555,16,43,27,70
AAX56600,17,44,27,71
ABD15482,17,44,27,71
AAX11565,17,44,27,71
AAX11585,16,43,27,70
AAX76653,15,42,27,69
AAX11515,17,44,27,71
AAX11605,17,44,27,71
AAX11545,17,44,27,71
AAX76753,16,43,27,70
AAY18564,17,44,27,71
AAY27853,17,44,27,71
AEG65648,16,43,27,70
AAX35831,16,43,27,70
AAX11575,16,43,27,70
AAX57654,16,43,27,70
AAX12731,17,44,27,71
AAX11615,17,44,27,71
ABD15471,17,44,27,71
AAX12741,17,44,27,71
AAY18126,18,44,26,70
AAY28486,17,44,27,71
AAY64202,16,43,27,70
AEG65318,18,44,26,70
AEG65252,18,44,26,70
AAX34061,16,44,28,72
AAX56430,16,43,27,70
AAY18611,17,44,27,71
AEG65307,18,44,26,70
AAX11455,17,44,27,71
AAX76643,16,43,27,70
AAY44796,17,44,27,71
AAY18136,17,44,27,71
AAY18146,17,44,27,71
AAY28561,17,44,27,71
AAY28521,17,44,27,71
AAY28531,16,43,27,70
ABD15493,16,43,27,70
ABW80975,18,43,25,68
ACF41900,18,44,26,70
AFH00637,18,43,25,68
AFM71868,18,44,26,70
AAX56410,16,43,27,70
AAX57704,17,44,27,71
AAX76763,17,44,27,71
AAY28385,17,44,27,71
AAY28541,17,44,27,71
AAX56420,17,44,27,71
AEG65175,16,43,27,70
ABD61271,17,44,27,71
ABD15449,17,44,27,71
ABD60922,17,44,27,71
AEH77279,17,44,27,71
AEG64977,15,44,29,73
AAX76623,18,45,27,72
AAX35821,18,44,26,70
ABB03079,17,43,26,69
ABB80012,17,43,26,69
ABB53718,17,43,26,69
ABB46458,18,44,26,70
ABC84400,17,43,26,69
ABD15526,17,43,26,69
ABB53614,17,43,26,69
AAZ74551,17,43,26,69
AAZ79944,17,43,26,69
ABA18048,17,43,26,69
ABA42269,17,43,26,69
ABA12740,15,42,27,69
ABB03090,17,43,26,69
AAZ83688,17,43,26,69
ABB80137,17,43,26,69
ABC54679,17,43,26,69
AAZ79593,17,43,26,69
ABA18134,17,43,26,69
ABB80001,17,43,26,69
AAZ38583,18,43,25,68
AAZ74419,17,43,26,69
AAZ83371,18,43,25,68
AAZ80030,15,42,27,69
AAZ79615,17,43,26,69
AAZ74474,17,43,26,69
AAZ74595,17,43,26,69
ABA18026,17,43,26,69
ABD61282,15,42,27,69
ABA12762,17,43,26,69
AAZ79627,18,44,26,70
ABA43200,17,43,26,69
ABB02847,17,43,26,69
AAZ74452,17,43,26,69
AAZ74463,17,43,26,69
AAZ83382,17,43,26,69
AAZ38616,17,43,26,69
AAZ79626,17,43,26,69
AAZ38550,17,43,26,69
AAZ74485,17,43,26,69
ABM22301,17,43,26,69
ABM22312,17,43,26,69
ABM22323,17,43,26,69
ABM22334,17,43,26,69
ABN50984,17,43,26,69
AAZ38650,17,43,26,69
AAZ83649,18,44,26,70
AAZ38572,17,43,26,69
AAZ74496,17,43,26,69
ABB02836,18,44,26,70
ABM22345,17,43,26,69
ABM66919,17,43,26,69
ABM22356,17,43,26,69
ABM66930,17,43,26,69
ABM66941,17,43,26,69
ABN50995,17,43,26,69
ABQ44427,17,43,26,69
AAZ74518,17,43,26,69
AAZ79985,15,42,27,69
ABA43167,17,43,26,69
ABA87242,17,43,26,69
AAZ74540,18,43,25,68
ABF17954,11,39,28,67
AFH00648,16,43,27,70
AAZ38528,17,43,26,69
AAZ74507,17,43,26,69
ABA12751,17,43,26,69
ABA12780,17,43,26,69
ABA87253,17,43,26,69
AAZ80017,17,43,26,69
AAZ79974,18,43,25,68
AAZ38594,17,43,26,69
ABB53625,17,43,26,69
ABM22367,17,43,26,69
ABM66952,17,43,26,69
ABM66963,17,43,26,69
ABM66996,17,43,26,69
ABM66974,17,43,26,69
ABM67007,17,43,26,69
ABM66985,17,43,26,69
ABM67018,17,43,26,69
ABO32827,17,43,26,69
ABO44079,17,43,26,69
AEG64988,17,43,26,69
AAZ38506,17,43,26,69
ABA43178,17,43,26,69
ABB53685,17,43,26,69
ABB53652,18,43,25,68
ABA42291,18,44,26,70
AEG65186,17,43,26,69
AAZ74573,18,43,25,68
AAZ38605,17,43,26,69
AAZ74529,17,43,26,69
ABB53663,17,43,26,69
AAZ38517,17,43,26,69
ABB46436,17,43,26,69
ABB53674,17,43,26,69
AEG65604,15,42,27,69
AEG65769,17,43,26,69
ABB79731,15,42,27,69
AEI54424,17,43,26,69
ABB03057,15,42,27,69
AEI54369,16,42,26,68
AEG64999,17,43,26,69
AAZ74441,17,43,26,69
ABA18156,17,43,26,69
AAZ79941,17,43,26,69
AEG65197,17,43,26,69
AAZ79963,17,43,26,69
AAZ38638,17,43,26,69
ABB03068,15,42,27,69
ABB46447,17,43,26,69
AEG65010,17,43,26,69
AAZ79996,17,43,26,69
AEG65021,17,43,26,69
ACF54576,16,42,26,68
ABW80978,17,43,26,69
AEG65703,18,43,25,68
AEG65714,18,43,25,68
AEG65747,17,43,26,69
AEG65725,18,43,25,68
AEG65032,18,43,25,68
AEG65736,16,42,26,68
AEG65758,18,43,25,68
AEG65043,18,43,25,68
AEG65054,18,43,25,68
ABW23240,15,42,27,69
ABR88080,17,43,26,69
AEG65208,18,43,25,68
ABW23239,18,44,26,70
AEG65065,17,43,26,69
AEG65076,18,43,25,68
AEG65087,19,43,24,67
ABN51010,18,43,25,68
ABO32838,18,43,25,68
ABO32849,18,43,25,68
ABO32860,17,43,26,69
ABO38274,18,43,25,68
ABM67029,16,43,27,70
ABN51021,17,43,26,69
ABN59390,17,43,26,69
ABO32871,17,43,26,69
ABO32882,17,43,26,69
ACA33679,18,43,25,68
ABM67040,17,43,26,69
ABN51032,17,43,26,69
ABN51043,16,43,27,70
ABO32893,17,43,26,69
ABO32904,17,43,26,69
ABN51054,17,43,26,69
ABO32915,17,43,26,69
ABO32926,17,43,26,69
ABO32937,17,43,26,69
ABO38285,17,43,26,69
ABG80436,16,42,26,68
ABI22159,16,42,26,68
AEG65098,16,43,27,70
ACA33681,18,44,26,70
AEG65109,18,44,26,70
ABG88817,17,43,26,69
ABI30876,17,43,26,69
AEG65120,17,43,26,69
ABJ53482,17,43,26,69
AEG65131,17,43,26,69
ABW23242,17,42,25,67
ABU50577,17,43,26,69
ABU50557,15,42,27,69
ABW23262,15,42,27,69
ACA33705,17,43,26,69
ACA33712,15,41,26,67
ACA33713,16,42,26,68
ACA33746,14,41,27,68
ABY70956, 9,38,29,67
AFM72422,14,41,27,68
ABW36168,16,42,26,68
ABW91207,17,42,25,67
ABW91196,17,42,25,67
ABW38363,17,43,26,69
ABW23244,17,42,25,67
ABU50582,17,42,25,67
ABU50560,15,42,27,69
ABW23248,15,42,27,69
ABW23263,15,41,26,67
ABW23259,15,41,26,67
ABV30646,17,42,25,67
ABV30635,17,42,25,67
ABW23249,15,42,27,69
ABW23245,16,42,26,68
ABV30118,16,42,26,68
ABY51226,14,41,27,68
ABU50584,16,42,26,68
ACA33745,14,41,27,68
ABW23351,16,42,26,68
ABW23261,16,42,26,68
ABW23364,16,42,26,68
ABW23251,17,43,26,69
ABW23254,16,43,27,70
ABW23348,16,42,26,68
ABW23354,16,42,26,68
ABW23265,15,41,26,67
ABV30250,15,42,27,69
ABW23257,16,42,26,68
ABW23252,16,42,26,68
ABW23258,15,41,26,67
ABW23255,17,43,26,69
ABW23266,15,41,26,67
ABW23350,15,42,27,69
ABV30272,16,42,26,68
ABW23253,17,42,25,67
ABW23356,16,43,27,70
ABW40323,16,42,26,68
ACA33698,15,42,27,69
ABV29722,16,42,26,68
ACJ09818,16,42,26,68
ABW91548,16,42,26,68
ABW91394,16,42,26,68
ABW39938,16,42,26,68
ABY51127,16,42,26,68
ABY51028,16,42,26,68
ABW40169,17,42,25,67
ABW40268,16,42,26,68
ABW40587,16,42,26,68
ABW40653,16,42,26,68
ABW23349,17,43,26,69
ABW23269,14,41,27,68
ABW40026,16,42,26,68
ACF41669,16,42,26,68
ABV29821,16,42,26,68
ABW40631,16,42,26,68
ABV29898,16,42,26,68
ABW39872,16,42,26,68
ABW91229,17,43,26,69
ABV30382,15,41,26,67
ABV30481,15,41,26,67
ABW23268,16,42,26,68
ABW86563,16,42,26,68
ABW91438,16,42,26,68
ABW23330,15,41,26,67
ABW40081,16,42,26,68
ABW40246,16,42,26,68
ABV30404,17,43,26,69
AEO99215,16,42,26,68
ABV30514,16,42,26,68
ABV30437,17,43,26,69
ABV30470,16,42,26,68
ABV30217,16,42,26,68
ABW23347,16,42,26,68
ABW91251,16,42,26,68
ACA24502,16,42,26,68
ABV30063,16,42,26,68
ABY81371,16,42,26,68
ABV30657,16,42,26,68
ABV30448,16,42,26,68
ABV30206,16,42,26,68
ABW71349,16,42,26,68
ABV30261,15,41,26,67
ABV30426,16,42,26,68
ABW40378,16,42,26,68
ABV29931,17,43,26,69
ACA33687,16,42,26,68
ACA33693,16,42,26,68
ABW23357,16,42,26,68
ABW23272,16,42,26,68
ABV29909,15,42,27,69
ABV29810,16,42,26,68
ABV30393,18,43,25,68
ACG70142,16,42,26,68
ABW23344,16,42,26,68
ABV30239,16,42,26,68
ABW40136,16,42,26,68
ABW91262,16,42,26,68
ABV30228,16,42,26,68
ABV45970,16,42,26,68
ABV45860,16,42,26,68
ABV45981,16,42,26,68
ABW91240,16,42,26,68
ABV45992,16,42,26,68
ABV30415,15,41,26,67
ABW40191,16,42,26,68
ABW23334,15,41,26,67
ABW23361,16,42,26,68
ABV30074,16,42,26,68
ABW23346,15,41,26,67
ABV29623,15,41,26,67
ABV82562,16,42,26,68
ABW23333,16,42,26,68
ABW91647,16,42,26,68
ACD56258,16,42,26,68
ACD56269,15,41,26,67
ACA24700,14,40,26,66
ABV45904,15,41,26,67
ABW23366,15,42,27,69
ABW23271,16,42,26,68
ABV29711,15,41,26,67
ACG70153,16,42,26,68
ABY51270,16,42,26,68
ACA24689,15,41,26,67
ACA33674,14,41,27,68
ABW23365,15,42,27,69
ABW23360,16,42,26,68
AEI54402,17,42,25,67
ACA33696,16,42,26,68
ABW23270,16,42,26,68
ABW23332,14,40,26,66
ABW23367,14,42,28,70
ABW23352,15,41,26,67
ABW23331,18,43,25,68
ACA33682,16,42,26,68
ACA33684,15,41,26,67
ACA33685,15,41,26,67
ABW23358,16,42,26,68
ABW23345,17,43,26,69
AEI54413,16,42,26,68
ACA33689,16,42,26,68
ABW23355,13,41,28,69
ABW23359,16,42,26,68
ABW23362,15,42,27,69
ACO94815,16,42,26,68
ACD85572,16,42,26,68
ACQ65747,16,42,26,68
ACI26395,16,42,26,68
ACO36364,16,42,26,68
ACO36375,16,42,26,68
ACR15414,16,42,26,68
ACA33749,16,42,26,68
ACD85561,16,42,26,68
ACD85539,16,42,26,68
ACF54543,15,41,26,67
ACR15381,16,42,26,68
ACD85528,16,42,26,68
ACR15403,16,42,26,68
ACD85583,16,42,26,68
ACF22408,16,42,26,68
ACD85495,16,42,26,68
ACR15392,16,42,26,68
ACD85517,16,42,26,68
ACI26417,16,42,26,68
ACF54532,16,42,26,68
ACD85550,16,42,26,68
ACD85462,16,42,26,68
ACD85473,16,42,26,68
ACD85429,16,42,26,68
ACD85484,14,41,27,68
ACI26406,17,43,26,69
ACD85506,16,42,26,68
ACO36430,16,42,26,68
ACD85440,16,42,26,68
ACO36408,16,42,26,68
ACO36419,16,42,26,68
ACD93579,16,42,26,68
ACD85451,16,42,26,68
ACO94848,16,42,26,68
ACO36386,16,42,26,68
ACA33683,17,43,26,69
ACA33680,16,42,26,68
ACA33697,14,42,28,70
ACN32545,17,43,26,69
ACA33700,16,42,26,68
ACA33767,16,42,26,68
ACA33695,17,43,26,69
ACA33686,17,43,26,69
ACA33699,16,42,26,68
ACA33691,15,41,26,67
ACA33694,16,42,26,68
ACA33716,14,41,27,68
ACA33718,15,41,26,67
ACA33688,16,42,26,68
ACA33717,16,42,26,68
ACA33756,13,41,28,69
ACA33707,13,41,28,69
ACA33692,14,41,27,68
ACA33690,13,41,28,69
ACA33711,17,43,26,69
ACA33710,13,41,28,69
ACA33714,17,43,26,69
ACA33715,13,41,28,69
ACA33754,16,42,26,68
ACA33708,17,43,26,69
ACA33721,14,41,27,68
ACA33706,14,41,27,68
ACA33709,14,41,27,68
ACA33761,14,41,27,68
ACB11801,16,42,26,68
ACA33768,15,41,26,67
ACB11766,18,42,24,66
ACA33719,14,41,27,68
ACA33720,14,41,27,68
ACA33755,14,41,27,68
ACA33763,16,42,26,68
ACA33760,14,40,26,66
ACA33769,17,42,25,67
ACA33765,13,41,28,69
ACF40108,15,42,27,69
ACA33770,15,41,26,67
ACA33759,14,41,27,68
ACU80179,15,41,26,67
ACA33762,18,43,25,68
ACB11788,17,42,25,67
ACA33757,13,40,27,67
ACA33758,17,43,26,69
ACA33764,16,42,26,68
ACA33753,18,44,26,70
ACA33766,19,44,25,69
ACB11805,15,41,26,67
ACF75877,15,41,26,67
ACF10319,15,41,26,67
ACM51218,15,41,26,67
ACU80765,14,41,27,68
ACD47222,16,42,26,68
ACD47221,14,40,26,66
AEO01691,14,41,27,68
ACB11797,15,41,26,67
ACF40067,14,41,27,68
ACU79970,14,40,26,66
ACF40065,16,42,26,68
AEO01636,14,41,27,68
ACI26494,15,41,26,67
ACD85610,13,40,27,67
ACF10317,15,40,25,65
ACF10315,14,40,26,66
ACB11803,15,41,26,67
AEO01642,17,42,25,67
ACD47219,14,40,26,66
ACF40110,14,40,26,66
ACB11760,15,41,26,67
ACI26362,15,41,26,67
ACD47216,15,41,26,67
ACD47226,15,41,26,67
ACD47223,14,40,26,66
ACD85604,14,41,27,68
ACI26351,15,41,26,67
ACD47228,15,41,26,67
ACD85612,18,43,25,68
ACD85606,14,40,26,66
ACD85620,14,40,26,66
ACD47227,13,40,27,67
ACF40088,18,43,25,68
ACI26483,15,41,26,67
ACD85624,15,42,27,69
ACD85618,15,41,26,67
ACI26373,15,41,26,67
ACI26340,15,41,26,67
ACL12162,15,41,26,67
ACF40077,15,41,26,67
ACF10325,14,41,27,68
ACD85602,14,41,27,68
ACD47229,14,40,26,66
ACI26505,15,41,26,67
ACD85622,15,41,26,67
ACU80190,14,41,27,68
ACU80201,15,41,26,67
ACU80212,15,41,26,67
ACD47218,15,41,26,67
ACD47233,14,40,26,66
ACD47231,15,41,26,67
ACD47224,15,41,26,67
ACD85616,15,41,26,67
ACU80223,14,40,26,66
ACD85626,15,41,26,67
ACD85628,16,43,27,70
ACD85608,15,41,26,67
ACD47225,15,41,26,67
ACD47232,14,41,27,68
ACF40094,14,41,27,68
ACF40071,15,41,26,67
ACD47217,15,41,26,67
ACD85632,15,41,26,67
ACD47230,14,40,26,66
ACF40069,15,41,26,67
ACO36331,15,41,26,67
ACD85614,16,42,26,68
ACU80003,15,41,26,67
ACU80245,14,40,26,66
ACD47220,15,41,26,67
ACF40073,15,41,26,67
ACU80256,14,40,26,66
ACI26527,15,41,26,67
ACF10323,15,41,26,67
ACI26516,15,41,26,67
ACL12184,15,41,26,67
ACO94672,15,41,26,67
ACN32848,15,41,26,67
ACN32859,15,41,26,67
ACK76367,17,44,27,71
ACF10321,17,44,27,71
ACR61677,15,41,26,67
ACU80102,14,40,26,66
ACU80289,15,41,26,67
ACO94683,14,41,27,68
ACN76478,15,41,26,67
ACQ65713,15,41,26,67
ACN32892,14,40,26,66
ACN32870,14,40,26,66
ACN33112,14,40,26,66
ACU80300,14,40,26,66
ACU80311,14,40,26,66
ACO94694,15,41,26,67
ACN43003,15,41,26,67
ACU80322,14,40,26,66
ACD85630,13,40,27,67
ACJ73773,15,41,26,67
AEO01625,14,41,27,68
ACN32903,15,41,26,67
ACQ65724,15,41,26,67
ACN32925,15,41,26,67
ACN32914,15,41,26,67
ACN43014,13,39,26,65
ACU80333,15,41,26,67
ACO95281,15,41,26,67
ACO95292,14,40,26,66
ACK76366,14,41,27,68
ACJ73768,14,41,27,68
ACN76489,14,41,27,68
ACL12195,15,41,26,67
ACN32947,15,41,26,67
ACN32936,14,40,26,66
ACN43025,15,41,26,67
ACN43036,15,41,26,67
ACU80366,14,40,26,66
ACU80377,14,40,26,66
ACU80344,14,40,26,66
ACU80355,14,40,26,66
ACO95303,14,40,26,66
ACF40075,14,40,26,66
ACD85634,15,41,26,67
ACL12173,15,41,26,67
ACI26538,15,41,26,67
ACU80388,14,40,26,66
ACU80399,15,41,26,67
ACU80787,15,41,26,67
ACO94716,14,41,27,68
ACN33156,15,41,26,67
ACO36342,14,40,26,66
ACN32958,15,41,26,67
ACU80435,14,40,26,66
ACU80113,14,40,26,66
ACU80424,14,40,26,66
ACO94727,15,41,26,67
ACO94738,15,41,26,67
ACO94749,14,41,27,68
ACU80124,14,40,26,66
ACU80470,15,41,26,67
ACU80458,15,41,26,67
ACU80600,14,40,26,66
ACU80611,14,40,26,66
ACU80622,14,40,26,66
ACN43047,15,41,26,67
ACN76511,15,41,26,67
ACL12206,14,41,27,68
ACN32969,14,41,27,68
ACN33167,16,42,26,68
ACN33178,14,40,26,66
ACN76500,15,41,26,67
ACU80135,14,40,26,66
ACU80633,15,41,26,67
ACM51229,15,41,26,67
ACM51230,14,40,26,66
ACK76349,14,40,26,66
ACD85636,14,41,27,68
ACL12228,15,41,26,67
ACR61688,15,41,26,67
ACN33189,15,41,26,67
ACL12217,15,41,26,67
ACN32980,17,44,27,71
ACU80146,14,41,27,68
ACU80644,14,41,27,68
ACU80666,15,41,26,67
ACU80655,15,41,26,67
ACO94760,14,40,26,66
ACN33002,15,41,26,67
ACN32991,15,41,26,67
ACN33200,12,39,27,66
ACU80688,15,41,26,67
ACU80677,16,42,26,68
ACU81103,15,41,26,67
ACN33024,15,41,26,67
ACN33013,15,41,26,67
ACU80699,14,40,26,66
ACF40080,15,41,26,67
ACU80710,14,40,26,66
ACF40082,15,41,26,67
ACQ65736,17,42,25,67
ACU80157,15,41,26,67
ACN43058,16,41,25,66
ACN76522,15,41,26,67
ACN43080,14,40,26,66
ACN43069,15,41,26,67
ACL12239,15,41,26,67
ACN33035,15,41,26,67
ACM51241,14,41,27,68
ACL12250,14,40,26,66
ACN33211,15,41,26,67
ACH82075,15,41,26,67
ACN33046,15,41,26,67
ACO94771,15,41,26,67
ACO94782,15,41,26,67
ACO94793,15,41,26,67
ACF40100,14,40,26,66
ACF75879,15,41,26,67
ACU80721,15,41,26,67
ACD85638,13,39,26,65
ACR61699,15,41,26,67
ACN33057,15,41,26,67
ACU80732,15,41,26,67
ACF40102,15,41,26,67
ACF40090,15,41,26,67
ACU80743,15,41,26,67
ACF40084,15,41,26,67
ACU80798,15,41,26,67
ACU80036,15,41,26,67
ACF40104,15,41,26,67
ACF10327,15,41,26,67
ACN33068,15,41,26,67
ACN33079,14,40,26,66
ACM51224,13,40,27,67
ACF10329,15,41,26,67
ACF40086,13,40,27,67
ACF40096,15,41,26,67
ACF40098,15,41,26,67
ACF10331,14,40,26,66
ACH82071,14,41,27,68
ACF40092,14,41,27,68
ACH82073,15,41,26,67
ACJ73764,14,40,26,66
ACU80754,15,41,26,67
ACM51245,15,41,26,67
ACF40106,15,41,26,67
ACH82077,14,41,27,68
ACM51247,15,41,26,67
ACK76375,15,41,26,67
ACJ73752,15,41,26,67
ACJ73748,14,41,27,68
ACJ73775,15,41,26,67
ACJ73757,15,41,26,67
ACJ73762,14,40,26,66
ACJ73760,16,41,25,66
ACJ73750,14,41,27,68
ACK76339,14,40,26,66
ACM51216,15,41,26,67
ACK76364,15,41,26,67
ACM51238,15,41,26,67
ACM51234,15,41,26,67
ACM51236,15,41,26,67
ACM51225,15,41,26,67
ACM51243,15,41,26,67
ACM51227,15,41,26,67
ACV72365,15,41,26,67
ACT34400,16,41,25,66
ACM51232,14,41,27,68
ACM51221,15,41,26,67
ACT34404,15,41,26,67
ACT34401,15,41,26,67
ACT34403,14,41,27,68
ACV72373,15,41,26,67
ACT34398,15,41,26,67
ACT34397,15,41,26,67
ACT67806,14,41,27,68
ACT67774,14,41,27,68
ACT34407,16,42,26,68
ACT34399,15,41,26,67
ACT34406,15,41,26,67
ACT34405,15,41,26,67
ACT34402,15,41,26,67
ACT67776,15,41,26,67
ACT67796,15,41,26,67
ACT67817,14,41,27,68
AFM71754,18,43,25,68
ACZ05425,18,43,25,68
ACZ05436,18,43,25,68
ADM86429,16,41,25,66
ADL39368,15,41,26,67
ADL39412,14,41,27,68
ACT67792,15,41,26,67
AEK28872,14,41,27,68
ACT67784,15,41,26,67
ACT67807,15,41,26,67
ACT67772,15,41,26,67
ACT67785,15,41,26,67
ACT67789,14,41,27,68
ACT67780,15,41,26,67
AEB71947,15,41,26,67
ACT67799,14,41,27,68
ACT67773,15,41,26,67
ACT67788,15,41,26,67
ACT67771,16,41,25,66
ACV72370,15,41,26,67
ACT67802,15,41,26,67
ACT67777,15,41,26,67
ACT67805,15,41,26,67
ACT67819,15,41,26,67
ACT67818,15,41,26,67
ACT67793,14,40,26,66
AEA77299,15,41,26,67
ADL39324,15,41,26,67
ADL39346,15,41,26,67
ADL39434,14,41,27,68
AEK28818,18,43,25,68
AEK28927,15,41,26,67
AEK28839,15,41,26,67
AEK28883,15,41,26,67
AEK28949,15,41,26,67
ACT67808,15,41,26,67
ACT67786,15,41,26,67
ACV72372,14,41,27,68
ADL39302,15,41,26,67
ADL39203,18,43,25,68
ACT67787,16,42,26,68
ADW23115,16,41,25,66
ACT67813,15,41,26,67
ACT67801,15,41,26,67
ACT67811,14,41,27,68
ACV72369,18,43,25,68
ACT67790,14,41,27,68
ACT67809,15,41,26,67
ACT67779,15,41,26,67
AEB71925,15,41,26,67
ACT67775,15,41,26,67
ADL39401,15,41,26,67
ADL39357,15,41,26,67
AEK28971,15,41,26,67
ACT67795,15,41,26,67
ACT67797,15,41,26,67
ACT67791,15,41,26,67
ACT67803,15,41,26,67
ACV72375,18,43,25,68
ACV72367,14,41,27,68
ACT67816,15,41,26,67
ACT67815,15,41,26,67
ACT67812,15,41,26,67
ACT67804,15,41,26,67
ACT67781,18,43,25,68
ACT67782,18,43,25,68
ACT67814,15,41,26,67
ADK98909,15,41,26,67
ADK98931,15,41,26,67
AEB71936,15,41,26,67
ACT67778,15,41,26,67
ACT67800,15,41,26,67
ACT67798,18,43,25,68
ACT67794,15,41,26,67
ACT67810,18,43,25,68
ACT67783,15,41,26,67
ADK94531,18,43,25,68
ADK94564,18,43,25,68
ADL28214,15,41,26,67
ACZ05183,18,43,25,68
ADI75829,16,42,26,68
ADL28236,18,43,25,68
ADL28203,16,41,25,66
ADM26795,15,41,26,67
ADM26806,15,41,26,67
ACZ05271,15,41,26,67
ACZ05161,17,43,26,69
ACZ05216,15,41,26,67
ACZ05172,17,43,26,69
ACZ05491,18,43,25,68
ACZ05524,17,43,26,69
ACZ05359,18,43,25,68
ACZ05370,17,43,26,69
ADI75928,15,41,26,67
ADI75873,15,41,26,67
ADI75884,15,41,26,67
ADI75895,18,43,25,68
ADI75840,15,41,26,67
ADK94191,18,43,25,68
ADK94542,15,41,26,67
ADK94553,18,43,25,68
ADK94575,18,43,25,68
ADK98843,18,43,25,68
ADL28011,15,41,26,67
ADL28192,18,43,25,68
ADL28137,15,41,26,67
ADL28225,15,41,26,67
AEB71980,15,41,26,67
ACZ05260,17,43,26,69
ACZ05304,17,43,26,69
ACZ05238,18,43,25,68
ACZ05326,17,43,26,69
ACZ05227,17,43,26,69
ACZ05249,17,43,26,69
ACZ05205,17,43,26,69
ACZ05348,17,43,26,69
ACZ05557,17,43,26,69
ADE34191,17,43,26,69
ADI75917,15,41,26,67
ADJ88782,15,41,26,67
ADK45432,16,42,26,68
ADK94202,15,41,26,67
ADK94586,18,43,25,68
ADK98645,15,41,26,67
ADK98656,16,42,26,68
ADK98733,18,43,25,68
ADK98722,14,40,26,66
ADK98777,15,41,26,67
ADK98678,15,41,26,67
ADK98700,15,41,26,67
ADK98711,15,41,26,67
ADK98623,18,43,25,68
ADK98634,15,41,26,67
ADK98755,15,41,26,67
ADK99305,15,41,26,67
ADL27989,15,41,26,67
ADL28000,17,43,26,69
ADL28022,18,43,25,68
ADL28044,18,43,25,68
ADL28077,18,43,25,68
ADL28099,15,41,26,67
ADL28247,15,41,26,67
ADL28066,15,41,26,67
ADL28159,15,41,26,67
ADL28110,17,43,26,69
ADL28258,18,43,25,68
ADY17654,17,43,26,69
AEI59979,15,41,26,67
ACZ05315,15,41,26,67
ACZ05469,17,43,26,69
ACZ05480,18,43,25,68
ACZ05403,17,43,26,69
ADK45312,18,43,25,68
ADK98788,15,41,26,67
ADK98810,15,41,26,67
ADK98854,15,41,26,67
ADK98667,18,43,25,68
ADK98744,15,41,26,67
ADK98689,15,41,26,67
ADK98821,18,43,25,68
ADK98832,15,41,26,67
ADK98766,15,41,26,67
ADK98876,19,43,24,67
ADK99074,16,41,25,66
ADL28033,15,41,26,67
ADL28126,15,41,26,67
ADL28370,15,41,26,67
ADL28055,15,41,26,67
ADL28148,15,41,26,67
ADL28088,15,41,26,67
ADL28170,18,43,25,68
AEI60012,14,40,26,66
AEI60023,15,41,26,67
AEI60034,18,43,25,68
ACZ05282,14,40,26,66
ACZ05535,18,43,25,68
ADK45421,18,43,25,68
ADK94213,15,41,26,67
ADK94235,17,42,25,67
ADK98799,18,43,25,68
ADK98865,14,41,27,68
ADK98920,18,43,25,68
ADK98997,18,43,25,68
ADK99019,15,41,26,67
ADK99052,15,41,26,67
ADK98953,15,41,26,67
ADK98964,15,41,26,67
ADK98975,18,43,25,68
ADK98986,15,41,26,67
ADK99008,15,41,26,67
ADK99030,19,44,25,69
ADK99041,15,41,26,67
ADK99096,15,41,26,67
ADL28181,15,41,26,67
ADL39181,15,41,26,67
ACV72374,15,41,26,67
ACZ05458,17,43,26,69
ACZ05414,16,42,26,68
ADE34202,17,43,26,69
ADK45410,16,42,26,68
ADK45465,18,43,25,68
ADK98887,18,43,25,68
ADK99107,15,41,26,67
ADK99063,18,43,25,68
ADK99118,18,43,25,68
ADK99129,18,43,25,68
AEI60045,18,43,25,68
AEK28828,17,43,26,69
AEK28861,15,41,26,67
ACZ05337,19,44,25,69
ACZ05392,18,43,25,68
ADK45454,18,43,25,68
ADK98898,15,41,26,67
ADK99085,15,41,26,67
ACV72368,15,41,26,67
ACZ05513,15,41,26,67
ADK99195,15,41,26,67
ADK99272,15,41,26,67
ADK45476,16,41,25,66
ADK94224,18,43,25,68
ADK94257,18,43,25,68
ADK94268,18,43,25,68
ADK99184,16,41,25,66
ADK99173,15,41,26,67
ADV76587,17,43,26,69
ACZ05546,18,43,25,68
ADK99283,18,43,25,68
ADE34213,16,42,26,68
ADK99162,18,43,25,68
ADK99151,20,44,24,68
ADK99250,15,41,26,67
ADK99140,18,43,25,68
ADY17665,17,43,26,69
ADK45443,15,41,26,67
ADK94246,19,43,24,67
ADK99217,18,43,25,68
ADM07493,19,43,24,67
ACZ05950,18,43,25,68
ACZ06016,17,43,26,69
ADK94290,18,43,25,68
ADK94476,19,44,25,69
ADK94345,19,44,25,69
ADK99239,18,43,25,68
ADK99206,18,43,25,68
ADK99228,18,43,25,68
AEB71969,18,43,25,68
ACZ05961,17,43,26,69
ADE34224,17,43,26,69
ACZ05983,18,43,25,68
ADV76609,15,41,26,67
ADV76598,17,43,26,69
ADV76579,14,41,27,68
ACZ05972,18,43,25,68
ADE34235,17,43,26,69
ADK99261,18,43,25,68
ADK99294,14,41,27,68
ADE34257,18,43,25,68
ADK94301,18,43,25,68
ACZ05994,18,43,25,68
ADB90414,17,43,26,69
ADK94279,16,41,25,66
AEB66895,17,43,26,69
ADK94334,15,41,26,67
ADM26784,15,41,26,67
ADV76620,17,43,26,69
ADB89721,16,42,26,68
ADE34268,17,43,26,69
ACV72371,15,41,26,67
ADK94441,18,43,25,68
ADK94312,18,43,25,68
ADK94323,18,43,25,68
ACZ06005,17,43,26,69
ADR32361,18,43,25,68
ADK94498,18,43,25,68
ADE34246,17,43,26,69
ADV76631,18,43,25,68
ADY17676,18,43,25,68
ADK94487,18,43,25,68
ADY17687,17,43,26,69
AEB40206,17,43,26,69
ADY11836,18,43,25,68
ADB89732,18,43,25,68
ADK94509,18,43,25,68
ADY17698,17,43,26,69
ACV72366,18,43,25,68
ACV72364,15,41,26,67
ADD21560,14,41,27,68
ADK94520,15,41,26,67
ADY11825,15,41,26,67
AFM71989,18,42,24,66
AFM72993,15,40,25,65
AEK28993,16,41,25,66
ADN90216,15,41,26,67
AEA73288,15,41,26,67
AEA73299,15,41,26,67
AEA73332,15,41,26,67
AEA73310,15,41,26,67
AEA73321,15,41,26,67
AEA73343,15,41,26,67
AEA73376,15,41,26,67
AEA73365,15,41,26,67
AEA73354,15,41,26,67
AEA73452,15,41,26,67
ADN89930,15,41,26,67
AEA72704,15,41,26,67
AEA72726,15,41,26,67
AEA73387,15,41,26,67
AEA73398,15,41,26,67
AEA73409,15,41,26,67
AEA73420,15,41,26,67
ADM12839,15,41,26,67
ADN90029,15,41,26,67
ADN89864,15,41,26,67
AEA72715,15,41,26,67
AEA73562,15,41,26,67
AEA73463,15,41,26,67
AEM98407,15,41,26,67
AEM98418,15,41,26,67
ADN06366,15,41,26,67
ADN89875,15,41,26,67
ADN90106,15,41,26,67
ADN90073,15,41,26,67
ADN89897,15,41,26,67
ADN90051,15,41,26,67
ADN90117,15,41,26,67
ADN90139,15,41,26,67
ADN90150,15,41,26,67
ADM12817,15,41,26,67
ADN89996,15,41,26,67
ADN89886,15,41,26,67
ADN90095,15,41,26,67
ADN90161,15,41,26,67
ADN90205,15,41,26,67
AEA73474,15,41,26,67
ADM12828,15,41,26,67
ADN89963,15,41,26,67
ADN89974,14,40,26,66
ADN90040,15,41,26,67
ADN90172,15,41,26,67
ADN90128,15,41,26,67
ADN90194,15,41,26,67
AEA73496,15,41,26,67
AEA73485,16,42,26,68
AEK21369,15,41,26,67
AET98600,15,41,26,67
ADM12806,15,41,26,67
ADN90007,15,41,26,67
ADN89919,15,41,26,67
ADN89941,15,41,26,67
ADN90062,15,41,26,67
ADN90084,15,41,26,67
ADN90183,15,41,26,67
ADN89985,15,41,26,67
AEA73507,15,41,26,67
AEM98429,15,41,26,67
ADM12850,15,41,26,67
AEA73518,15,41,26,67
AEA73529,15,41,26,67
AEA73540,15,41,26,67
AEA73551,15,41,26,67
ADN90018,15,41,26,67
ADN89952,15,41,26,67
ADN89908,15,41,26,67
ADM07504,15,41,26,67
ADM26817,16,42,26,68
AEK29059,15,41,26,67
AEK29070,15,41,26,67
AEK29081,15,41,26,67
AEI54501,17,42,25,67
AEI54490,18,42,24,66
AEK29092,15,41,26,67
AEK29004,18,42,24,66
AEK28785,14,40,26,66
AEK29180,18,42,24,66
AEK29169,18,42,24,66
AEK28796,17,43,26,69
AEK29202,18,42,24,66
AEK29235,18,42,24,66
AEK29191,18,42,24,66
AEK29213,18,42,24,66
AEK29224,18,42,24,66
AFD64821,18,42,24,66
ADY05347,18,42,24,66
AFD64822,18,42,24,66
AFD64823,18,42,24,66
AFD64824,18,42,24,66
AEK29103,18,42,24,66
AEK29114,18,42,24,66
AEK29147,18,42,24,66
AEK29158,18,42,24,66
AEK29125,18,42,24,66
AEK29136,18,42,24,66
AFD64825,18,42,24,66
AFD64826,15,41,26,67
AFD64827,18,42,24,66
AFD64828,18,42,24,66
AEK29246,18,42,24,66
AFD64830,18,42,24,66
AFD64795,18,42,24,66
AFD98095,18,42,24,66
AFD98117,16,42,26,68
AFD64797,18,42,24,66
AFD98106,16,42,26,68
AFD64799,18,42,24,66
AFD98128,18,42,24,66
AFD64802,18,42,24,66
AFD98139,18,42,24,66
AFD98150,18,42,24,66
AFD98161,16,42,26,68
AFD98172,16,42,26,68
AFD98226,18,42,24,66
AFD98237,18,42,24,66
AEG65813,18,42,24,66
AFD64804,18,42,24,66
AFD98248,16,42,26,68
AEI54457,18,42,24,66
AFD98194,18,42,24,66
AEG65802,18,42,24,66
AFD98215,16,42,26,68
AFJ11706,14,40,26,66
AFD64806,18,42,24,66
AFD64807,18,43,25,68
AFD98183,18,42,24,66
AEG65780,19,43,24,67
AEI54479,15,41,26,67
AFD64810,18,42,24,66
AEG65791,16,42,26,68
AEI54435,17,42,25,67
AEI54446,17,42,25,67
AEI54468,15,41,26,67
AFD98259,16,42,26,68
AFD64812,18,42,24,66
AFD64814,18,42,24,66
AFJ11717,15,41,26,67
AFD64816,17,42,25,67
AFD64818,18,42,24,66
AFD98290,18,42,24,66
AFD64819,18,42,24,66
AFF18506,18,42,24,66
AFD64820,18,42,24,66
AFJ19842,16,42,26,68
AFD98340,16,42,26,68
AFD98351,16,42,26,68
AFD98362,15,41,26,67
AFD98373,16,42,26,68
AFQ32573,18,42,24,66
AFD98384,18,42,24,66
AFD98395,15,42,27,69
AFD98406,16,42,26,68
AFD98460,16,42,26,68
AFD98417,16,42,26,68
AFJ11728,18,42,24,66
AFD98428,18,42,24,66
AFD98449,18,43,25,68
AFJ20171,18,42,24,66
AFD98580,18,42,24,66
AFD98503,16,42,26,68
AFD98481,18,42,24,66
AFD98492,18,42,24,66
AFD98514,18,42,24,66
AFD98525,18,42,24,66
AFD98536,16,42,26,68
AFJ20182,18,42,24,66
AFD98547,16,42,26,68
AFD98558,18,42,24,66
AFD98569,18,42,24,66
AEO00689,10,38,28,66
AEU05038,10,38,28,66
AEO16287,10,38,28,66
AEQ92851,10,39,29,68
AEU05027,10,39,29,68
AEU05016,10,39,29,68
AET21593,10,39,29,68
AEU04994,10,39,29,68
AEU05005,10,39,29,68
AEW31156,10,39,29,68
AEW31167,10,39,29,68
AEW31178,10,39,29,68
AEW31145,10,39,29,68
AFM45487,15,41,26,67
AFM45476,18,42,24,66
AFM45489,18,42,24,66
AFM45494,15,41,26,67
AFR68173,15,41,26,67
